accident_index,speed_limit,light_conditions,weather_conditions,road_surface_conditions,vehicle_type,junction_location,skidding_and_overturning,vehicle_leaving_carriageway,hit_object_off_carriageway,first_point_of_impact,sex_of_driver,age_of_oldest_driver,accident_severity
2019010178222,30,daylight,fine,dry,at least one biped,at or within 20 metres of junction,at least one vehicle skidded or overturned,none leaving carriageway,none hit an object,other points of impact,all males,23.0,serious
2019420834695,30,darkness,other,wet or damp,only cars,not at or within 20 metres of junction,at least one vehicle skidded or overturned,at least one vehicle leaving carriageway,at least one vehicle hit an object,at least one vehicle with frontal impact,all females,18.0,serious
2019010215532,20,darkness,fine,wet or damp,only cars,at or within 20 metres of junction,no skidding or overturning,none leaving carriageway,none hit an object,at least one vehicle with frontal impact,all males,19.0,fatal
201t010162735,20,daylight,other,wet or damp,at least one biped,data missing or out of range,data missing or out of range,data missing or out of range,data missing or out of range,data missing or out of range,all males,68.0,
2019440306329,30,daylight,fine,dry,only cars,not at or within 20 metres of junction,no skidding or overturning,none leaving carriageway,none hit an object,at least one vehicle with frontal impact,data missing or out of range,,slight
2019010223814,40,daylight,fine,dry,at least one van,at or within 20 metres of junction,no skidding or overturning,at least one vehicle leaving carriageway,none hit an object,at least one vehicle with frontal impact,all males,34.0,slight
2019410881611,30,daylight,fine,dry,only cars,not at or within 20 metres of junction,no skidding or overturning,none leaving carriageway,none hit an object,other points of impact,all males,53.0,slight
2019360834080,60,daylight,fine,dry,only cars,at or within 20 metres of junction,no skidding or overturning,none leaving carriageway,none hit an object,at least one vehicle with frontal impact,male and female,70.0,slight
201963bf03219,60,daylight,fine,dry,at least one biped,at or within 20 metres of junction,no skidding or overturning,none leaving carriageway,none hit an object,at least one vehicle with frontal impact,all males,51.0,serious
20191369d0575,30,daylight,fine,dry,biped and van,not at or within 20 metres of junction,no skidding or overturning,none leaving carriageway,none hit an object,at least one vehicle with frontal impact,all males,33.0,fatal
2019010187407,20,daylight,fine,dry,at least one biped,at or within 20 metres of junction,at least one vehicle skidded or overturned,none leaving carriageway,none hit an object,at least one vehicle with frontal impact,male and female,36.0,serious
2019440057465,30,darkness,fine,dry,only cars,at or within 20 metres of junction,no skidding or overturning,none leaving carriageway,none hit an object,at least one vehicle with frontal impact,all males,43.0,fatal
2019480911319,30,daylight,fine,dry,biped and van,at or within 20 metres of junction,no skidding or overturning,none leaving carriageway,none hit an object,at least one vehicle with frontal impact,all males,46.0,fatal
2019200837151,70,daylight,data missing or out of range,dry,only cars,at or within 20 metres of junction,no skidding or overturning,none leaving carriageway,none hit an object,at least one vehicle with frontal impact,data missing or out of range,,fatal
201963a085919,30,daylight,fine,dry,at least one van,not at or within 20 metres of junction,no skidding or overturning,none leaving carriageway,none hit an object,at least one vehicle with frontal impact,all males,51.0,slight
2019160836625,30,daylight,fine,dry,at least one biped,at or within 20 metres of junction,no skidding or overturning,none leaving carriageway,none hit an object,at least one vehicle with frontal impact,all males,27.0,slight
2019140831023,50,daylight,fine,dry,at least one biped,at or within 20 metres of junction,no skidding or overturning,none leaving carriageway,none hit an object,at least one vehicle with frontal impact,all males,59.0,serious
201t220865131,70,daylight,fine,dry,only cars,not at or within 20 metres of junction,at least one vehicle skidded or overturned,at least one vehicle leaving carriageway,at least one vehicle hit an object,at least one vehicle with frontal impact,all males,71.0,
2019121900938,60,daylight,fine,dry,at least one biped,not at or within 20 metres of junction,no skidding or overturning,none leaving carriageway,none hit an object,at least one vehicle with frontal impact,all males,87.0,fatal
2019970901130,30,darkness,fine,dry,only cars,not at or within 20 metres of junction,no skidding or overturning,none leaving carriageway,none hit an object,other points of impact,all females,20.0,serious
20191365e1135,30,daylight,fine,dry,at least one biped,at or within 20 metres of junction,no skidding or overturning,none leaving carriageway,none hit an object,at least one vehicle with frontal impact,data missing or out of range,,serious
2019544876419,40,daylight,fine,dry,only cars,not at or within 20 metres of junction,no skidding or overturning,at least one vehicle leaving carriageway,none hit an object,at least one vehicle with frontal impact,all females,80.0,slight
2019121900525,30,daylight,fine,dry,at least one biped,at or within 20 metres of junction,no skidding or overturning,none leaving carriageway,none hit an object,at least one vehicle with frontal impact,data missing or out of range,,serious
2019121901027,60,darkness,other,wet or damp,only cars,not at or within 20 metres of junction,no skidding or overturning,at least one vehicle leaving carriageway,at least one vehicle hit an object,at least one vehicle with frontal impact,all males,18.0,fatal
2019100858290,30,daylight,fine,dry,at least one biped,at or within 20 metres of junction,no skidding or overturning,none leaving carriageway,none hit an object,at least one vehicle with frontal impact,all males,46.0,slight
2019030831120,40,daylight,fine,dry,only cars,at or within 20 metres of junction,no skidding or overturning,at least one vehicle leaving carriageway,at least one vehicle hit an object,at least one vehicle with frontal impact,all males,75.0,slight
2019440351053,40,darkness,fine,dry,only cars,not at or within 20 metres of junction,no skidding or overturning,none leaving carriageway,none hit an object,at least one vehicle with frontal impact,male and female,74.0,slight
2019136br0978,30,daylight,other,wet or damp,only cars,at or within 20 metres of junction,at least one vehicle skidded or overturned,none leaving carriageway,none hit an object,at least one vehicle with frontal impact,all females,24.0,serious
2019200916820,30,daylight,data missing or out of range,wet or damp,only cars,not at or within 20 metres of junction,no skidding or overturning,none leaving carriageway,none hit an object,at least one vehicle with frontal impact,all females,,slight
2019370911369,30,daylight,fine,dry,only cars,not at or within 20 metres of junction,no skidding or overturning,none leaving carriageway,none hit an object,at least one vehicle with frontal impact,all males,87.0,slight
2019970856311,30,daylight,fine,dry,only cars,not at or within 20 metres of junction,no skidding or overturning,none leaving carriageway,none hit an object,other points of impact,all females,38.0,slight
2019350900937,30,daylight,fine,dry,only cars,not at or within 20 metres of junction,no skidding or overturning,none leaving carriageway,none hit an object,other points of impact,all males,41.0,serious
2019010171970,30,daylight,fine,dry,only cars,not at or within 20 metres of junction,no skidding or overturning,none leaving carriageway,none hit an object,at least one vehicle with frontal impact,male and female,54.0,slight
2019551900563,30,daylight,fine,dry,only cars,at or within 20 metres of junction,no skidding or overturning,none leaving carriageway,none hit an object,at least one vehicle with frontal impact,data missing or out of range,,slight
2019460860081,30,daylight,fine,dry,only cars,not at or within 20 metres of junction,no skidding or overturning,none leaving carriageway,none hit an object,other points of impact,all males,,slight
2019500848591,30,darkness,fine,wet or damp,only cars,not at or within 20 metres of junction,at least one vehicle skidded or overturned,at least one vehicle leaving carriageway,at least one vehicle hit an object,at least one vehicle with frontal impact,all males,18.0,slight
2019010219318,20,daylight,fine,dry,at least one biped,at or within 20 metres of junction,no skidding or overturning,none leaving carriageway,none hit an object,at least one vehicle with frontal impact,all males,52.0,serious
2019110890395,60,daylight,fine,dry,at least one biped,at or within 20 metres of junction,at least one vehicle skidded or overturned,none leaving carriageway,none hit an object,at least one vehicle with frontal impact,male and female,71.0,serious
2019010183416,30,darkness,fine,dry,at least one van,at or within 20 metres of junction,at least one vehicle skidded or overturned,none leaving carriageway,none hit an object,other points of impact,male and female,53.0,fatal
2019460912556,40,darkness,other,wet or damp,only cars,at or within 20 metres of junction,no skidding or overturning,none leaving carriageway,none hit an object,at least one vehicle with frontal impact,data missing or out of range,,serious
2019160898820,30,daylight,other,wet or damp,at least one biped,at or within 20 metres of junction,no skidding or overturning,none leaving carriageway,none hit an object,at least one vehicle with frontal impact,male and female,34.0,serious
2019122000001,40,daylight,fine,dry,only cars,not at or within 20 metres of junction,no skidding or overturning,none leaving carriageway,none hit an object,at least one vehicle with frontal impact,male and female,75.0,fatal
2019460821125,50,daylight,fine,dry,at least one van,not at or within 20 metres of junction,no skidding or overturning,none leaving carriageway,none hit an object,at least one vehicle with frontal impact,all males,49.0,slight
2019460839713,60,daylight,fine,dry,biped and van,not at or within 20 metres of junction,at least one vehicle skidded or overturned,none leaving carriageway,none hit an object,at least one vehicle with frontal impact,all males,45.0,serious
2019010197884,30,daylight,fine,dry,only cars,at or within 20 metres of junction,no skidding or overturning,none leaving carriageway,none hit an object,at least one vehicle with frontal impact,male and female,47.0,serious
2019010217765,20,daylight,fine,dry,at least one biped,at or within 20 metres of junction,no skidding or overturning,none leaving carriageway,none hit an object,at least one vehicle with frontal impact,all males,43.0,serious
2019350897961,30,darkness,fine,wet or damp,at least one biped,at or within 20 metres of junction,no skidding or overturning,none leaving carriageway,none hit an object,at least one vehicle with frontal impact,male and female,51.0,slight
2019010193213,40,daylight,fine,dry,biped and van,not at or within 20 metres of junction,no skidding or overturning,none leaving carriageway,none hit an object,other points of impact,all males,51.0,slight
2019010163144,30,daylight,fine,dry,at least one biped,not at or within 20 metres of junction,no skidding or overturning,none leaving carriageway,none hit an object,no impact,all males,29.0,serious
2019460886231,70,daylight,fine,wet or damp,only cars,not at or within 20 metres of junction,no skidding or overturning,none leaving carriageway,none hit an object,at least one vehicle with frontal impact,all males,54.0,serious
2019140821961,30,daylight,other,wet or damp,only cars,at or within 20 metres of junction,no skidding or overturning,none leaving carriageway,none hit an object,at least one vehicle with frontal impact,all males,36.0,slight
2019400926497,30,daylight,fine,wet or damp,only cars,not at or within 20 metres of junction,no skidding or overturning,none leaving carriageway,none hit an object,other points of impact,all males,41.0,serious
2019010194185,20,daylight,fine,dry,at least one biped,not at or within 20 metres of junction,no skidding or overturning,none leaving carriageway,none hit an object,at least one vehicle with frontal impact,male and female,,serious
201906m158578,30,daylight,fine,dry,only cars,at or within 20 metres of junction,no skidding or overturning,none leaving carriageway,none hit an object,at least one vehicle with frontal impact,male and female,37.0,slight
201t010156165,30,darkness,fine,dry,only cars,not at or within 20 metres of junction,no skidding or overturning,none leaving carriageway,none hit an object,at least one vehicle with frontal impact,all males,47.0,
2019010209529,30,daylight,fine,dry,only cars,not at or within 20 metres of junction,no skidding or overturning,none leaving carriageway,none hit an object,at least one vehicle with frontal impact,all males,21.0,slight
2019010183490,20,daylight,fine,dry,at least one van,at or within 20 metres of junction,no skidding or overturning,none leaving carriageway,none hit an object,at least one vehicle with frontal impact,male and female,31.0,slight
2019500833960,50,daylight,other,wet or damp,at least one van,not at or within 20 metres of junction,at least one vehicle skidded or overturned,at least one vehicle leaving carriageway,none hit an object,at least one vehicle with frontal impact,male and female,55.0,serious
2019160826779,20,daylight,fine,dry,only cars,at or within 20 metres of junction,no skidding or overturning,at least one vehicle leaving carriageway,at least one vehicle hit an object,at least one vehicle with frontal impact,male and female,50.0,slight
2019430280561,40,daylight,fine,dry,only cars,at or within 20 metres of junction,no skidding or overturning,none leaving carriageway,none hit an object,at least one vehicle with frontal impact,all males,58.0,serious
2019331900202,40,daylight,fine,dry,at least one biped,not at or within 20 metres of junction,no skidding or overturning,none leaving carriageway,none hit an object,at least one vehicle with frontal impact,all females,43.0,serious
2019010193429,30,darkness,data missing or out of range,dry,at least one biped,at or within 20 metres of junction,no skidding or overturning,none leaving carriageway,none hit an object,at least one vehicle with frontal impact,all males,29.0,slight
2019010160571,30,darkness,fine,other,only cars,at or within 20 metres of junction,no skidding or overturning,none leaving carriageway,none hit an object,at least one vehicle with frontal impact,male and female,33.0,slight
2019010190726,20,daylight,other,dry,at least one biped,data missing or out of range,data missing or out of range,data missing or out of range,data missing or out of range,at least one vehicle with frontal impact,data missing or out of range,,serious
2019010181060,30,darkness,fine,dry,at least one van,not at or within 20 metres of junction,no skidding or overturning,none leaving carriageway,none hit an object,no impact,all males,32.0,fatal
2019200860721,30,daylight,fine,dry,only cars,at or within 20 metres of junction,no skidding or overturning,none leaving carriageway,none hit an object,at least one vehicle with frontal impact,all males,69.0,slight
2019460912845,30,daylight,other,wet or damp,only cars,at or within 20 metres of junction,no skidding or overturning,none leaving carriageway,none hit an object,at least one vehicle with frontal impact,male and female,41.0,slight
2019450858249,30,daylight,fine,dry,at least one biped,not at or within 20 metres of junction,no skidding or overturning,at least one vehicle leaving carriageway,none hit an object,no impact,all males,30.0,slight
2019200885407,30,daylight,fine,dry,only cars,at or within 20 metres of junction,no skidding or overturning,none leaving carriageway,none hit an object,at least one vehicle with frontal impact,all males,64.0,slight
2019622000021,30,darkness,other,wet or damp,only cars,at or within 20 metres of junction,no skidding or overturning,none leaving carriageway,none hit an object,at least one vehicle with frontal impact,all females,21.0,serious
2019471900494,20,daylight,fine,dry,at least one biped,at or within 20 metres of junction,no skidding or overturning,none leaving carriageway,none hit an object,at least one vehicle with frontal impact,male and female,37.0,serious
2019460843198,30,daylight,fine,dry,only cars,at or within 20 metres of junction,no skidding or overturning,none leaving carriageway,none hit an object,at least one vehicle with frontal impact,male and female,41.0,slight
2019210839945,30,daylight,fine,dry,only cars,at or within 20 metres of junction,no skidding or overturning,none leaving carriageway,none hit an object,other points of impact,data missing or out of range,40.0,slight
2019331900510,40,daylight,fine,dry,biped and van,at or within 20 metres of junction,no skidding or overturning,at least one vehicle leaving carriageway,none hit an object,at least one vehicle with frontal impact,all males,69.0,fatal
2019140901084,30,daylight,fine,dry,only cars,at or within 20 metres of junction,no skidding or overturning,none leaving carriageway,none hit an object,at least one vehicle with frontal impact,data missing or out of range,53.0,serious
2019010214927,30,daylight,other,wet or damp,at least one van,data missing or out of range,data missing or out of range,data missing or out of range,data missing or out of range,at least one vehicle with frontal impact,data missing or out of range,,serious
2019200917492,40,daylight,fine,wet or damp,at least one van,not at or within 20 metres of junction,no skidding or overturning,none leaving carriageway,none hit an object,no impact,data missing or out of range,,slight
2019430003379,30,daylight,fine,other,at least one biped,not at or within 20 metres of junction,no skidding or overturning,none leaving carriageway,none hit an object,other points of impact,all males,19.0,slight
201963d079619,60,daylight,fine,dry,only cars,at or within 20 metres of junction,no skidding or overturning,at least one vehicle leaving carriageway,at least one vehicle hit an object,at least one vehicle with frontal impact,male and female,76.0,slight
2019331900909,30,daylight,fine,dry,at least one biped,at or within 20 metres of junction,no skidding or overturning,none leaving carriageway,none hit an object,at least one vehicle with frontal impact,male and female,37.0,slight
2019010166821,20,daylight,fine,dry,at least one van,not at or within 20 metres of junction,no skidding or overturning,none leaving carriageway,none hit an object,at least one vehicle with frontal impact,all males,44.0,slight
2019331900925,30,darkness,fine,wet or damp,only cars,at or within 20 metres of junction,no skidding or overturning,none leaving carriageway,none hit an object,other points of impact,all males,,fatal
20191361f1443,30,darkness,fine,dry,only cars,at or within 20 metres of junction,no skidding or overturning,none leaving carriageway,none hit an object,at least one vehicle with frontal impact,all males,40.0,Fatal
2019520907242,60,daylight,fine,dry,at least one van,not at or within 20 metres of junction,no skidding or overturning,none leaving carriageway,none hit an object,no impact,all males,68.0,fatal
2019331901155,30,daylight,other,wet or damp,at least one biped,not at or within 20 metres of junction,no skidding or overturning,none leaving carriageway,none hit an object,at least one vehicle with frontal impact,male and female,40.0,serious
2019970871389,30,daylight,fine,dry,at least one van,not at or within 20 metres of junction,no skidding or overturning,none leaving carriageway,none hit an object,at least one vehicle with frontal impact,all males,37.0,slight
20191368j0493,30,daylight,fine,dry,only cars,not at or within 20 metres of junction,no skidding or overturning,none leaving carriageway,none hit an object,at least one vehicle with frontal impact,all males,89.0,serious
201906l165978,30,daylight,other,wet or damp,only cars,not at or within 20 metres of junction,no skidding or overturning,at least one vehicle leaving carriageway,at least one vehicle hit an object,at least one vehicle with frontal impact,all females,28.0,serious
2019500904898,60,daylight,fine,wet or damp,only cars,at or within 20 metres of junction,no skidding or overturning,at least one vehicle leaving carriageway,at least one vehicle hit an object,at least one vehicle with frontal impact,all males,27.0,fatal
201931c217019,30,darkness,other,wet or damp,only cars,at or within 20 metres of junction,no skidding or overturning,none leaving carriageway,none hit an object,at least one vehicle with frontal impact,all males,57.0,serious
2019970894662,40,darkness,fine,wet or damp,only cars,at or within 20 metres of junction,at least one vehicle skidded or overturned,at least one vehicle leaving carriageway,none hit an object,at least one vehicle with frontal impact,all males,67.0,serious
2019140886010,20,daylight,fine,dry,at least one van,at or within 20 metres of junction,no skidding or overturning,none leaving carriageway,none hit an object,at least one vehicle with frontal impact,all males,51.0,slight
2019470912486,30,daylight,fine,dry,only cars,at or within 20 metres of junction,at least one vehicle skidded or overturned,at least one vehicle leaving carriageway,none hit an object,at least one vehicle with frontal impact,all males,27.0,serious
201997kb01005,60,daylight,fine,dry,only cars,not at or within 20 metres of junction,at least one vehicle skidded or overturned,none leaving carriageway,none hit an object,other points of impact,all males,57.0,slight
2019331900875,70,daylight,fine,dry,biped and van,not at or within 20 metres of junction,no skidding or overturning,none leaving carriageway,none hit an object,other points of impact,data missing or out of range,31.0,fatal
2019010202894,20,daylight,fine,dry,at least one biped,at or within 20 metres of junction,no skidding or overturning,none leaving carriageway,none hit an object,at least one vehicle with frontal impact,all males,54.0,serious
2019200862090,30,daylight,other,wet or damp,only cars,at or within 20 metres of junction,no skidding or overturning,none leaving carriageway,none hit an object,at least one vehicle with frontal impact,male and female,42.0,slight
2019450870749,40,daylight,fine,dry,only cars,not at or within 20 metres of junction,no skidding or overturning,none leaving carriageway,none hit an object,at least one vehicle with frontal impact,male and female,55.0,slight
2019350849218,30,daylight,fine,dry,at least one van,not at or within 20 metres of junction,no skidding or overturning,none leaving carriageway,none hit an object,at least one vehicle with frontal impact,all males,36.0,serious
2019430048448,60,darkness,fine,dry,only cars,at or within 20 metres of junction,no skidding or overturning,none leaving carriageway,none hit an object,at least one vehicle with frontal impact,male and female,50.0,slight
2019200919996,30,daylight,fine,dry,at least one biped,not at or within 20 metres of junction,no skidding or overturning,none leaving carriageway,none hit an object,at least one vehicle with frontal impact,all males,58.0,serious
2019010165567,40,daylight,fine,dry,only cars,not at or within 20 metres of junction,data missing or out of range,data missing or out of range,data missing or out of range,at least one vehicle with frontal impact,data missing or out of range,,slight
2019430198407,30,daylight,fine,dry,only cars,at or within 20 metres of junction,no skidding or overturning,none leaving carriageway,none hit an object,at least one vehicle with frontal impact,male and female,66.0,slight
2019040834019,30,daylight,fine,wet or damp,only cars,not at or within 20 metres of junction,no skidding or overturning,none leaving carriageway,none hit an object,at least one vehicle with frontal impact,all males,85.0,serious
2019320531792,40,daylight,fine,dry,only cars,not at or within 20 metres of junction,no skidding or overturning,none leaving carriageway,none hit an object,other points of impact,all females,76.0,slight
201906k265845,30,darkness,other,wet or damp,only cars,at or within 20 metres of junction,no skidding or overturning,at least one vehicle leaving carriageway,at least one vehicle hit an object,at least one vehicle with frontal impact,data missing or out of range,,serious
2019430131806,30,daylight,fine,dry,at least one van,not at or within 20 metres of junction,no skidding or overturning,none leaving carriageway,none hit an object,at least one vehicle with frontal impact,all males,53.0,slight
2019551901296,30,darkness,other,wet or damp,at least one biped,at or within 20 metres of junction,no skidding or overturning,none leaving carriageway,none hit an object,at least one vehicle with frontal impact,all males,32.0,serious
2019010202399,30,darkness,fine,dry,at least one biped,at or within 20 metres of junction,at least one vehicle skidded or overturned,none leaving carriageway,none hit an object,at least one vehicle with frontal impact,all males,40.0,serious
2019010162703,30,daylight,fine,dry,at least one biped,data missing or out of range,data missing or out of range,data missing or out of range,data missing or out of range,data missing or out of range,data missing or out of range,,slight
2019450827259,70,daylight,fine,dry,only cars,not at or within 20 metres of junction,no skidding or overturning,none leaving carriageway,none hit an object,at least one vehicle with frontal impact,all males,74.0,fatal
2019340e00741,40,daylight,fine,dry,only cars,at or within 20 metres of junction,no skidding or overturning,none leaving carriageway,none hit an object,at least one vehicle with frontal impact,all females,,slight
2019010193233,30,daylight,fine,data missing or out of range,at least one biped,at or within 20 metres of junction,no skidding or overturning,none leaving carriageway,none hit an object,at least one vehicle with frontal impact,data missing or out of range,,slight
2019370817578,30,daylight,fine,dry,at least one van,at or within 20 metres of junction,no skidding or overturning,none leaving carriageway,none hit an object,at least one vehicle with frontal impact,male and female,68.0,slight
2019010205215,30,daylight,fine,dry,at least one biped,at or within 20 metres of junction,no skidding or overturning,none leaving carriageway,none hit an object,at least one vehicle with frontal impact,all males,60.0,slight
2019200878804,30,daylight,fine,dry,only cars,at or within 20 metres of junction,no skidding or overturning,none leaving carriageway,none hit an object,at least one vehicle with frontal impact,male and female,,slight
2019136660376,30,daylight,fine,dry,at least one biped,at or within 20 metres of junction,no skidding or overturning,none leaving carriageway,none hit an object,at least one vehicle with frontal impact,male and female,41.0,serious
2019010170661,30,darkness,fine,dry,at least one biped,not at or within 20 metres of junction,at least one vehicle skidded or overturned,none leaving carriageway,none hit an object,no impact,all males,61.0,serious
2019301900847,30,daylight,fine,dry,only cars,not at or within 20 metres of junction,no skidding or overturning,none leaving carriageway,none hit an object,at least one vehicle with frontal impact,all males,51.0,slight
2019430191270,60,daylight,fine,dry,at least one biped,at or within 20 metres of junction,no skidding or overturning,none leaving carriageway,none hit an object,at least one vehicle with frontal impact,male and female,60.0,serious
2019360913289,40,daylight,fine,dry,at least one biped,at or within 20 metres of junction,no skidding or overturning,none leaving carriageway,none hit an object,at least one vehicle with frontal impact,male and female,55.0,serious
2019470844283,70,darkness,fine,dry,only cars,not at or within 20 metres of junction,no skidding or overturning,none leaving carriageway,none hit an object,at least one vehicle with frontal impact,all females,41.0,fatal
201954c045019,60,daylight,data missing or out of range,dry,only cars,not at or within 20 metres of junction,no skidding or overturning,at least one vehicle leaving carriageway,at least one vehicle hit an object,at least one vehicle with frontal impact,all males,60.0,fatal
2019040875133,20,daylight,fine,dry,at least one van,not at or within 20 metres of junction,no skidding or overturning,none leaving carriageway,none hit an object,no impact,all males,58.0,serious
2019010231216,30,darkness,fine,dry,at least one biped,data missing or out of range,data missing or out of range,data missing or out of range,data missing or out of range,data missing or out of range,all males,42.0,serious
2019010203734,20,daylight,other,wet or damp,at least one biped,data missing or out of range,data missing or out of range,data missing or out of range,data missing or out of range,at least one vehicle with frontal impact,data missing or out of range,,serious
2019521905923,30,darkness,other,wet or damp,at least one biped,not at or within 20 metres of junction,no skidding or overturning,none leaving carriageway,none hit an object,at least one vehicle with frontal impact,data missing or out of range,,serious
2019200887616,30,darkness,fine,dry,only cars,at or within 20 metres of junction,no skidding or overturning,none leaving carriageway,none hit an object,at least one vehicle with frontal impact,all males,27.0,serious
2019430322435,30,daylight,fine,wet or damp,at least one biped,at or within 20 metres of junction,no skidding or overturning,none leaving carriageway,none hit an object,at least one vehicle with frontal impact,male and female,45.0,serious
2019331901244,30,daylight,other,wet or damp,only cars,at or within 20 metres of junction,no skidding or overturning,none leaving carriageway,none hit an object,at least one vehicle with frontal impact,data missing or out of range,44.0,slight
2019010187950,30,daylight,fine,dry,at least one biped,at or within 20 metres of junction,no skidding or overturning,none leaving carriageway,none hit an object,at least one vehicle with frontal impact,all males,69.0,serious
2019410916937,40,darkness,other,wet or damp,only cars,not at or within 20 metres of junction,at least one vehicle skidded or overturned,at least one vehicle leaving carriageway,none hit an object,at least one vehicle with frontal impact,all females,31.0,fatal
2019551901149,60,daylight,fine,dry,only cars,at or within 20 metres of junction,no skidding or overturning,none leaving carriageway,none hit an object,at least one vehicle with frontal impact,all males,81.0,slight
2019010220211,30,darkness,fine,dry,only cars,data missing or out of range,no skidding or overturning,none leaving carriageway,none hit an object,data missing or out of range,all males,,serious
2019010199715,50,daylight,fine,dry,at least one biped,not at or within 20 metres of junction,at least one vehicle skidded or overturned,none leaving carriageway,none hit an object,at least one vehicle with frontal impact,all males,50.0,serious
2019010197062,30,daylight,fine,dry,at least one biped,at or within 20 metres of junction,no skidding or overturning,none leaving carriageway,none hit an object,other points of impact,data missing or out of range,,serious
2019350356458,60,darkness,fine,dry,only cars,at or within 20 metres of junction,no skidding or overturning,at least one vehicle leaving carriageway,none hit an object,at least one vehicle with frontal impact,male and female,76.0,fatal
2019010229009,30,darkness,data missing or out of range,data missing or out of range,at least one biped,data missing or out of range,data missing or out of range,data missing or out of range,data missing or out of range,data missing or out of range,all males,,serious
201963c066219,60,darkness,fine,dry,only cars,not at or within 20 metres of junction,at least one vehicle skidded or overturned,at least one vehicle leaving carriageway,at least one vehicle hit an object,at least one vehicle with frontal impact,all females,19.0,fatal
2019500885402,30,daylight,fine,dry,only cars,at or within 20 metres of junction,no skidding or overturning,none leaving carriageway,none hit an object,at least one vehicle with frontal impact,all males,62.0,serious
2019010158261,30,darkness,fine,dry,at least one biped,at or within 20 metres of junction,no skidding or overturning,none leaving carriageway,none hit an object,at least one vehicle with frontal impact,all males,54.0,serious
2019200908707,30,darkness,other,wet or damp,only cars,at or within 20 metres of junction,no skidding or overturning,none leaving carriageway,none hit an object,at least one vehicle with frontal impact,all males,54.0,serious
2019450806039,30,darkness,fine,dry,only cars,not at or within 20 metres of junction,no skidding or overturning,none leaving carriageway,none hit an object,at least one vehicle with frontal impact,male and female,55.0,slight
2019010191353,20,daylight,fine,dry,at least one biped,data missing or out of range,data missing or out of range,data missing or out of range,data missing or out of range,at least one vehicle with frontal impact,data missing or out of range,,slight
2019100886935,60,daylight,fine,dry,at least one van,not at or within 20 metres of junction,no skidding or overturning,none leaving carriageway,none hit an object,at least one vehicle with frontal impact,all males,54.0,fatal
2019551900015,30,darkness,fine,wet or damp,at least one biped,at or within 20 metres of junction,at least one vehicle skidded or overturned,none leaving carriageway,none hit an object,other points of impact,all males,36.0,serious
2019136270177,30,darkness,fine,dry,at least one biped,not at or within 20 metres of junction,no skidding or overturning,none leaving carriageway,none hit an object,at least one vehicle with frontal impact,male and female,45.0,serious
2019460813784,30,daylight,fine,dry,at least one biped,at or within 20 metres of junction,no skidding or overturning,none leaving carriageway,none hit an object,at least one vehicle with frontal impact,all males,55.0,serious
2019450815236,30,daylight,other,dry,at least one van,not at or within 20 metres of junction,no skidding or overturning,none leaving carriageway,none hit an object,at least one vehicle with frontal impact,male and female,39.0,slight
2019440241157,20,daylight,fine,dry,only cars,at or within 20 metres of junction,no skidding or overturning,none leaving carriageway,none hit an object,other points of impact,all males,46.0,slight
2019340e04821,40,daylight,other,wet or damp,only cars,at or within 20 metres of junction,at least one vehicle skidded or overturned,none leaving carriageway,none hit an object,at least one vehicle with frontal impact,male and female,,slight
2019410844811,60,darkness,fine,wet or damp,only cars,not at or within 20 metres of junction,no skidding or overturning,none leaving carriageway,none hit an object,at least one vehicle with frontal impact,male and female,67.0,fatal
2019010182723,60,daylight,fine,dry,only cars,data missing or out of range,data missing or out of range,data missing or out of range,data missing or out of range,at least one vehicle with frontal impact,data missing or out of range,,fatal
2019320215237,60,daylight,fine,dry,at least one van,at or within 20 metres of junction,no skidding or overturning,none leaving carriageway,none hit an object,other points of impact,all males,78.0,serious
201931a078719,30,daylight,fine,dry,at least one biped,not at or within 20 metres of junction,no skidding or overturning,none leaving carriageway,none hit an object,at least one vehicle with frontal impact,all males,22.0,serious
2019010172358,30,daylight,fine,dry,at least one biped,not at or within 20 metres of junction,no skidding or overturning,none leaving carriageway,none hit an object,at least one vehicle with frontal impact,all males,69.0,serious
201906k265488,30,daylight,fine,wet or damp,only cars,at or within 20 metres of junction,no skidding or overturning,none leaving carriageway,none hit an object,other points of impact,all females,55.0,slight
2019340s09851,60,daylight,fine,wet or damp,only cars,at or within 20 metres of junction,at least one vehicle skidded or overturned,at least one vehicle leaving carriageway,none hit an object,at least one vehicle with frontal impact,all males,71.0,fatal
2019010177650,30,darkness,fine,dry,at least one biped,at or within 20 metres of junction,no skidding or overturning,none leaving carriageway,none hit an object,at least one vehicle with frontal impact,male and female,59.0,serious
2019010166315,30,darkness,fine,dry,at least one van,data missing or out of range,no skidding or overturning,none leaving carriageway,none hit an object,other points of impact,data missing or out of range,,fatal
2019320489583,30,daylight,fine,dry,at least one van,not at or within 20 metres of junction,no skidding or overturning,none leaving carriageway,none hit an object,at least one vehicle with frontal impact,all males,68.0,slight
2019500885046,70,daylight,fine,dry,only cars,not at or within 20 metres of junction,at least one vehicle skidded or overturned,at least one vehicle leaving carriageway,none hit an object,at least one vehicle with frontal impact,male and female,30.0,fatal
20191367n1804,20,daylight,fine,dry,at least one van,at or within 20 metres of junction,no skidding or overturning,none leaving carriageway,at least one vehicle hit an object,at least one vehicle with frontal impact,male and female,48.0,slight
2019530904474,30,daylight,fine,dry,only cars,at or within 20 metres of junction,no skidding or overturning,none leaving carriageway,none hit an object,data missing or out of range,male and female,86.0,slight
2019010181000,40,daylight,fine,dry,at least one van,not at or within 20 metres of junction,no skidding or overturning,none leaving carriageway,none hit an object,at least one vehicle with frontal impact,male and female,42.0,slight