accident_index,speed_limit,light_conditions,weather_conditions,road_surface_conditions,vehicle_type,junction_location,skidding_and_overturning,vehicle_leaving_carriageway,hit_object_off_carriageway,first_point_of_impact,sex_of_driver,age_of_oldest_driver,accident_severity
2019430123473,30,daylight,fine,dry,only cars,not at or within 20 metres of junction,no skidding or overturning,none leaving carriageway,none hit an object,at least one vehicle with frontal impact,data missing or out of range,,slight
2019370936076,50,daylight,other,wet or damp,only cars,not at or within 20 metres of junction,no skidding or overturning,at least one vehicle leaving carriageway,at least one vehicle hit an object,at least one vehicle with frontal impact,all males,71.0,serious
2019010175305,30,daylight,fine,dry,at least one biped,at or within 20 metres of junction,no skidding or overturning,none leaving carriageway,none hit an object,at least one vehicle with frontal impact,all males,46.0,serious
2019010215511,20,darkness,other,wet or damp,at least one biped,at or within 20 metres of junction,no skidding or overturning,none leaving carriageway,none hit an object,at least one vehicle with frontal impact,male and female,31.0,serious
201997qd00404,30,daylight,fine,dry,at least one biped,at or within 20 metres of junction,no skidding or overturning,none leaving carriageway,none hit an object,at least one vehicle with frontal impact,all males,42.0,serious
2019010220185,20,darkness,fine,dry,at least one biped,at or within 20 metres of junction,no skidding or overturning,none leaving carriageway,none hit an object,at least one vehicle with frontal impact,all males,70.0,serious
2019521906594,20,darkness,data missing or out of range,wet or damp,at least one biped,not at or within 20 metres of junction,no skidding or overturning,none leaving carriageway,none hit an object,at least one vehicle with frontal impact,all males,25.0,serious
2019320598461,60,daylight,fine,wet or damp,at least one van,not at or within 20 metres of junction,no skidding or overturning,none leaving carriageway,none hit an object,at least one vehicle with frontal impact,all males,48.0,serious
2019030833758,60,daylight,fine,dry,at least one biped,not at or within 20 metres of junction,no skidding or overturning,none leaving carriageway,none hit an object,at least one vehicle with frontal impact,data missing or out of range,,serious
2019010207405,40,daylight,other,wet or damp,only cars,not at or within 20 metres of junction,no skidding or overturning,none leaving carriageway,none hit an object,other points of impact,all males,28.0,slight
201t010187382,30,daylight,fine,dry,only cars,not at or within 20 metres of junction,no skidding or overturning,none leaving carriageway,none hit an object,other points of impact,all males,79.0,
2019410867267,70,daylight,other,wet or damp,only cars,not at or within 20 metres of junction,no skidding or overturning,at least one vehicle leaving carriageway,at least one vehicle hit an object,other points of impact,all males,37.0,fatal
2019460905573,60,daylight,fine,wet or damp,other,not at or within 20 metres of junction,at least one vehicle skidded or overturned,none leaving carriageway,none hit an object,at least one vehicle with frontal impact,all males,,fatal
2019301900952,30,daylight,data missing or out of range,dry,only cars,not at or within 20 metres of junction,no skidding or overturning,none leaving carriageway,none hit an object,at least one vehicle with frontal impact,data missing or out of range,,slight
2019400916215,30,darkness,fine,wet or damp,only cars,at or within 20 metres of junction,at least one vehicle skidded or overturned,none leaving carriageway,none hit an object,at least one vehicle with frontal impact,male and female,51.0,fatal
2019010199551,30,daylight,fine,wet or damp,at least one biped,at or within 20 metres of junction,at least one vehicle skidded or overturned,none leaving carriageway,none hit an object,other points of impact,all males,47.0,serious
2019010195736,20,darkness,fine,dry,at least one biped,at or within 20 metres of junction,at least one vehicle skidded or overturned,at least one vehicle leaving carriageway,none hit an object,at least one vehicle with frontal impact,all males,43.0,serious
2019100887057,20,daylight,fine,wet or damp,at least one biped,at or within 20 metres of junction,at least one vehicle skidded or overturned,none leaving carriageway,none hit an object,at least one vehicle with frontal impact,all males,52.0,serious
2019450846620,70,daylight,fine,dry,only cars,at or within 20 metres of junction,no skidding or overturning,none leaving carriageway,none hit an object,at least one vehicle with frontal impact,all males,35.0,fatal
2019040806731,30,daylight,fine,dry,only cars,at or within 20 metres of junction,at least one vehicle skidded or overturned,none leaving carriageway,none hit an object,at least one vehicle with frontal impact,male and female,61.0,slight
2019200916326,30,daylight,fine,dry,only cars,not at or within 20 metres of junction,no skidding or overturning,none leaving carriageway,none hit an object,other points of impact,all females,32.0,slight
2019140818001,30,daylight,fine,dry,only cars,at or within 20 metres of junction,no skidding or overturning,none leaving carriageway,none hit an object,at least one vehicle with frontal impact,male and female,47.0,slight
2019940028319,20,daylight,fine,dry,only cars,at or within 20 metres of junction,no skidding or overturning,none leaving carriageway,none hit an object,at least one vehicle with frontal impact,all males,43.0,slight
201906k359621,30,daylight,other,wet or damp,only cars,at or within 20 metres of junction,at least one vehicle skidded or overturned,at least one vehicle leaving carriageway,at least one vehicle hit an object,at least one vehicle with frontal impact,male and female,30.0,serious
2019010225360,30,daylight,fine,dry,at least one van,at or within 20 metres of junction,no skidding or overturning,none leaving carriageway,none hit an object,at least one vehicle with frontal impact,male and female,32.0,slight
2019010220526,30,daylight,fine,dry,at least one biped,data missing or out of range,data missing or out of range,data missing or out of range,data missing or out of range,data missing or out of range,data missing or out of range,,slight
2019010224470,30,darkness,data missing or out of range,dry,at least one biped,not at or within 20 metres of junction,no skidding or overturning,none leaving carriageway,none hit an object,at least one vehicle with frontal impact,all males,,serious
2019470879854,30,daylight,fine,dry,only cars,at or within 20 metres of junction,no skidding or overturning,none leaving carriageway,none hit an object,at least one vehicle with frontal impact,all females,41.0,slight
2019010202959,30,daylight,fine,dry,only cars,data missing or out of range,data missing or out of range,data missing or out of range,data missing or out of range,data missing or out of range,data missing or out of range,54.0,slight
2019200860294,30,daylight,fine,dry,biped and van,at or within 20 metres of junction,no skidding or overturning,none leaving carriageway,none hit an object,at least one vehicle with frontal impact,all males,76.0,fatal
201963a121719,30,darkness,other,wet or damp,only cars,not at or within 20 metres of junction,no skidding or overturning,at least one vehicle leaving carriageway,at least one vehicle hit an object,at least one vehicle with frontal impact,all males,82.0,serious
2019070497797,30,darkness,fine,wet or damp,at least one biped,not at or within 20 metres of junction,no skidding or overturning,none leaving carriageway,none hit an object,other points of impact,male and female,63.0,serious
2019622000074,20,darkness,other,wet or damp,only cars,at or within 20 metres of junction,no skidding or overturning,none leaving carriageway,none hit an object,at least one vehicle with frontal impact,male and female,43.0,serious
201t010224434,30,daylight,other,wet or damp,only cars,data missing or out of range,data missing or out of range,data missing or out of range,data missing or out of range,at least one vehicle with frontal impact,data missing or out of range,,
2019200890458,30,daylight,fine,dry,at least one van,not at or within 20 metres of junction,no skidding or overturning,none leaving carriageway,none hit an object,no impact,all females,39.0,slight
201906j260143,30,daylight,fine,dry,only cars,at or within 20 metres of junction,no skidding or overturning,none leaving carriageway,none hit an object,at least one vehicle with frontal impact,data missing or out of range,,slight
2019430178826,70,darkness,other,wet or damp,only cars,not at or within 20 metres of junction,at least one vehicle skidded or overturned,at least one vehicle leaving carriageway,at least one vehicle hit an object,other points of impact,all males,49.0,fatal
2019370936076,50,daylight,other,wet or damp,only cars,not at or within 20 metres of junction,no skidding or overturning,at least one vehicle leaving carriageway,at least one vehicle hit an object,at least one vehicle with frontal impact,all males,71.0,serious
201931b057719,60,darkness,fine,dry,only cars,not at or within 20 metres of junction,at least one vehicle skidded or overturned,at least one vehicle leaving carriageway,none hit an object,at least one vehicle with frontal impact,all females,24.0,fatal
201906f253136,30,darkness,other,wet or damp,at least one biped,at or within 20 metres of junction,no skidding or overturning,none leaving carriageway,none hit an object,at least one vehicle with frontal impact,male and female,48.0,serious
2019010170738,30,darkness,fine,dry,only cars,not at or within 20 metres of junction,at least one vehicle skidded or overturned,at least one vehicle leaving carriageway,at least one vehicle hit an object,at least one vehicle with frontal impact,data missing or out of range,,fatal
201931c155119,30,daylight,fine,dry,at least one biped,at or within 20 metres of junction,no skidding or overturning,none leaving carriageway,none hit an object,at least one vehicle with frontal impact,all males,46.0,serious
2019400927003,50,darkness,fine,dry,at least one van,not at or within 20 metres of junction,no skidding or overturning,none leaving carriageway,none hit an object,at least one vehicle with frontal impact,all males,22.0,fatal
2019160821731,40,daylight,fine,dry,at least one biped,at or within 20 metres of junction,no skidding or overturning,none leaving carriageway,none hit an object,other points of impact,all males,61.0,serious
2019010179355,30,daylight,fine,dry,only cars,at or within 20 metres of junction,data missing or out of range,data missing or out of range,data missing or out of range,data missing or out of range,data missing or out of range,,slight
201906q162671,30,daylight,fine,dry,only cars,not at or within 20 metres of junction,no skidding or overturning,none leaving carriageway,none hit an object,at least one vehicle with frontal impact,all females,30.0,slight
2019051913337,30,daylight,other,wet or damp,only cars,not at or within 20 metres of junction,no skidding or overturning,none leaving carriageway,none hit an object,at least one vehicle with frontal impact,all females,30.0,slight
2019471900198,40,daylight,fine,wet or damp,only cars,not at or within 20 metres of junction,no skidding or overturning,at least one vehicle leaving carriageway,none hit an object,at least one vehicle with frontal impact,all females,27.0,slight
2019051910675,30,daylight,fine,dry,at least one biped,at or within 20 metres of junction,no skidding or overturning,none leaving carriageway,none hit an object,at least one vehicle with frontal impact,male and female,51.0,serious
2019320645484,30,darkness,fine,wet or damp,at least one biped,at or within 20 metres of junction,no skidding or overturning,none leaving carriageway,none hit an object,at least one vehicle with frontal impact,data missing or out of range,,serious
2019010220074,20,daylight,other,wet or damp,only cars,not at or within 20 metres of junction,at least one vehicle skidded or overturned,at least one vehicle leaving carriageway,at least one vehicle hit an object,at least one vehicle with frontal impact,all males,68.0,serious
2019040866998,30,daylight,other,wet or damp,only cars,not at or within 20 metres of junction,no skidding or overturning,none leaving carriageway,none hit an object,at least one vehicle with frontal impact,male and female,61.0,serious
2019331900615,60,daylight,fine,dry,at least one biped,not at or within 20 metres of junction,no skidding or overturning,none leaving carriageway,none hit an object,other points of impact,male and female,41.0,Serious
2019010205232,30,daylight,fine,dry,only cars,at or within 20 metres of junction,data missing or out of range,data missing or out of range,data missing or out of range,at least one vehicle with frontal impact,data missing or out of range,,slight
201954b857219,30,daylight,fine,wet or damp,only cars,at or within 20 metres of junction,no skidding or overturning,none leaving carriageway,none hit an object,at least one vehicle with frontal impact,all females,72.0,slight
2019010174463,30,daylight,fine,dry,at least one biped,at or within 20 metres of junction,no skidding or overturning,none leaving carriageway,none hit an object,at least one vehicle with frontal impact,male and female,55.0,serious
2019010220126,20,darkness,other,wet or damp,at least one biped,not at or within 20 metres of junction,data missing or out of range,data missing or out of range,data missing or out of range,data missing or out of range,all males,37.0,serious
2019350814844,70,darkness,fine,dry,only cars,not at or within 20 metres of junction,at least one vehicle skidded or overturned,at least one vehicle leaving carriageway,at least one vehicle hit an object,at least one vehicle with frontal impact,all females,22.0,fatal
2019010158448,30,darkness,fine,dry,only cars,not at or within 20 metres of junction,data missing or out of range,data missing or out of range,data missing or out of range,other points of impact,all males,36.0,fatal
2019420818268,30,daylight,fine,dry,at least one biped,not at or within 20 metres of junction,no skidding or overturning,none leaving carriageway,none hit an object,at least one vehicle with frontal impact,all males,39.0,serious
2019010184348,40,daylight,fine,dry,only cars,not at or within 20 metres of junction,no skidding or overturning,none leaving carriageway,none hit an object,at least one vehicle with frontal impact,all males,49.0,slight
2019950000689,30,daylight,fine,dry,at least one biped,at or within 20 metres of junction,no skidding or overturning,none leaving carriageway,none hit an object,at least one vehicle with frontal impact,data missing or out of range,,serious
201906l162679,30,daylight,fine,dry,at least one biped,at or within 20 metres of junction,no skidding or overturning,none leaving carriageway,none hit an object,other points of impact,data missing or out of range,,slight
2019136c91185,30,daylight,fine,wet or damp,only cars,not at or within 20 metres of junction,no skidding or overturning,none leaving carriageway,none hit an object,other points of impact,all males,,slight
2019051911993,30,daylight,fine,dry,biped and van,not at or within 20 metres of junction,no skidding or overturning,none leaving carriageway,none hit an object,other points of impact,all males,56.0,fatal
201906q254501,30,daylight,fine,dry,only cars,at or within 20 metres of junction,no skidding or overturning,none leaving carriageway,none hit an object,at least one vehicle with frontal impact,male and female,77.0,slight
2019610061319,40,darkness,other,wet or damp,only cars,at or within 20 metres of junction,no skidding or overturning,none leaving carriageway,none hit an object,at least one vehicle with frontal impact,male and female,33.0,serious
2019621901101,70,daylight,fine,dry,only cars,not at or within 20 metres of junction,at least one vehicle skidded or overturned,at least one vehicle leaving carriageway,none hit an object,other points of impact,all males,22.0,fatal
2019460908497,30,daylight,other,wet or damp,only cars,at or within 20 metres of junction,no skidding or overturning,none leaving carriageway,none hit an object,at least one vehicle with frontal impact,male and female,,serious
2019010209160,30,daylight,fine,dry,at least one van,at or within 20 metres of junction,no skidding or overturning,none leaving carriageway,none hit an object,at least one vehicle with frontal impact,all males,49.0,slight
2019460905874,70,darkness,other,wet or damp,at least one van,not at or within 20 metres of junction,no skidding or overturning,none leaving carriageway,none hit an object,other points of impact,male and female,57.0,serious
2019010183067,30,daylight,fine,dry,at least one biped,not at or within 20 metres of junction,no skidding or overturning,none leaving carriageway,none hit an object,at least one vehicle with frontal impact,male and female,29.0,serious
201960x126722,30,daylight,fine,dry,only cars,at or within 20 metres of junction,no skidding or overturning,at least one vehicle leaving carriageway,none hit an object,at least one vehicle with frontal impact,male and female,30.0,slight
2019160889651,30,daylight,fine,dry,at least one biped,not at or within 20 metres of junction,no skidding or overturning,at least one vehicle leaving carriageway,none hit an object,at least one vehicle with frontal impact,all males,38.0,serious
2019520903365,30,daylight,fine,dry,at least one biped,at or within 20 metres of junction,no skidding or overturning,none leaving carriageway,none hit an object,at least one vehicle with frontal impact,all males,64.0,serious
2019460857616,30,daylight,fine,dry,at least one van,not at or within 20 metres of junction,no skidding or overturning,none leaving carriageway,none hit an object,other points of impact,all males,35.0,slight
2019921900255,40,darkness,fine,wet or damp,only cars,not at or within 20 metres of junction,at least one vehicle skidded or overturned,at least one vehicle leaving carriageway,at least one vehicle hit an object,other points of impact,all males,19.0,fatal
2019921900259,60,daylight,fine,dry,only cars,not at or within 20 metres of junction,no skidding or overturning,at least one vehicle leaving carriageway,none hit an object,at least one vehicle with frontal impact,male and female,82.0,fatal
2019210862001,40,daylight,fine,dry,at least one van,at or within 20 metres of junction,no skidding or overturning,none leaving carriageway,none hit an object,at least one vehicle with frontal impact,all males,43.0,serious
20191368o0585,30,daylight,fine,dry,only cars,at or within 20 metres of junction,no skidding or overturning,none leaving carriageway,none hit an object,at least one vehicle with frontal impact,all males,28.0,slight
2019010159734,30,daylight,other,wet or damp,only cars,at or within 20 metres of junction,no skidding or overturning,none leaving carriageway,none hit an object,at least one vehicle with frontal impact,male and female,37.0,slight
2019220851172,50,daylight,other,wet or damp,at least one van,not at or within 20 metres of junction,no skidding or overturning,none leaving carriageway,none hit an object,other points of impact,male and female,56.0,slight
2019010157069,50,daylight,fine,dry,at least one biped,at or within 20 metres of junction,at least one vehicle skidded or overturned,at least one vehicle leaving carriageway,none hit an object,other points of impact,all males,27.0,serious
2019010187714,30,daylight,fine,dry,only cars,data missing or out of range,data missing or out of range,data missing or out of range,data missing or out of range,at least one vehicle with frontal impact,data missing or out of range,,slight
2019420829271,30,darkness,fine,dry,only cars,at or within 20 metres of junction,no skidding or overturning,none leaving carriageway,none hit an object,other points of impact,all males,29.0,fatal
2019430088219,30,daylight,fine,dry,at least one biped,at or within 20 metres of junction,no skidding or overturning,none leaving carriageway,none hit an object,other points of impact,all males,,slight
2019200856065,30,darkness,fine,dry,only cars,at or within 20 metres of junction,at least one vehicle skidded or overturned,none leaving carriageway,none hit an object,at least one vehicle with frontal impact,male and female,55.0,serious
2019471901448,30,darkness,fine,wet or damp,at least one biped,at or within 20 metres of junction,no skidding or overturning,none leaving carriageway,none hit an object,at least one vehicle with frontal impact,male and female,32.0,serious
2019140829601,30,daylight,fine,dry,only cars,at or within 20 metres of junction,no skidding or overturning,none leaving carriageway,none hit an object,at least one vehicle with frontal impact,all males,35.0,slight
2019010202995,20,daylight,fine,dry,at least one biped,at or within 20 metres of junction,at least one vehicle skidded or overturned,none leaving carriageway,none hit an object,at least one vehicle with frontal impact,data missing or out of range,,serious
2019140823126,30,darkness,other,wet or damp,only cars,at or within 20 metres of junction,no skidding or overturning,none leaving carriageway,none hit an object,at least one vehicle with frontal impact,data missing or out of range,,serious
2019010221373,20,daylight,other,wet or damp,at least one biped,data missing or out of range,data missing or out of range,data missing or out of range,data missing or out of range,data missing or out of range,male and female,58.0,serious
2019921900243,30,daylight,fine,dry,only cars,not at or within 20 metres of junction,no skidding or overturning,none leaving carriageway,none hit an object,at least one vehicle with frontal impact,all females,50.0,slight
2019440448676,70,darkness,other,wet or damp,only cars,not at or within 20 metres of junction,no skidding or overturning,at least one vehicle leaving carriageway,at least one vehicle hit an object,at least one vehicle with frontal impact,all males,57.0,fatal
2019301900026,30,darkness,fine,dry,at least one biped,not at or within 20 metres of junction,no skidding or overturning,none leaving carriageway,none hit an object,at least one vehicle with frontal impact,all males,56.0,serious
2019471902349,30,daylight,other,wet or damp,at least one biped,not at or within 20 metres of junction,no skidding or overturning,none leaving carriageway,none hit an object,at least one vehicle with frontal impact,male and female,46.0,slight
2019420843324,30,daylight,fine,dry,at least one van,not at or within 20 metres of junction,no skidding or overturning,none leaving carriageway,none hit an object,other points of impact,all males,22.0,slight
2019160877655,30,daylight,fine,dry,at least one biped,not at or within 20 metres of junction,no skidding or overturning,none leaving carriageway,none hit an object,data missing or out of range,data missing or out of range,,serious
201931d049919,50,daylight,fine,dry,only cars,not at or within 20 metres of junction,at least one vehicle skidded or overturned,at least one vehicle leaving carriageway,at least one vehicle hit an object,at least one vehicle with frontal impact,all males,51.0,fatal
2019410860764,40,daylight,fine,dry,only cars,at or within 20 metres of junction,no skidding or overturning,none leaving carriageway,none hit an object,at least one vehicle with frontal impact,all males,48.0,slight
2019010205312,30,daylight,fine,wet or damp,at least one biped,at or within 20 metres of junction,no skidding or overturning,none leaving carriageway,none hit an object,no impact,male and female,55.0,serious
2019370833305,60,daylight,fine,dry,at least one biped,not at or within 20 metres of junction,no skidding or overturning,none leaving carriageway,none hit an object,at least one vehicle with frontal impact,all males,51.0,serious
201t470907021,60,darkness,other,other,only cars,not at or within 20 metres of junction,no skidding or overturning,at least one vehicle leaving carriageway,at least one vehicle hit an object,at least one vehicle with frontal impact,all males,24.0,
2019961900114,30,daylight,other,wet or damp,only cars,at or within 20 metres of junction,no skidding or overturning,none leaving carriageway,none hit an object,at least one vehicle with frontal impact,male and female,71.0,slight
2019210852071,30,daylight,fine,dry,only cars,at or within 20 metres of junction,no skidding or overturning,none leaving carriageway,none hit an object,at least one vehicle with frontal impact,all males,54.0,slight
2019010155850,30,darkness,other,dry,only cars,data missing or out of range,data missing or out of range,data missing or out of range,data missing or out of range,at least one vehicle with frontal impact,data missing or out of range,,fatal
2019010185039,30,daylight,fine,dry,at least one biped,at or within 20 metres of junction,at least one vehicle skidded or overturned,none leaving carriageway,none hit an object,at least one vehicle with frontal impact,all males,46.0,serious
201963a089619,60,daylight,other,wet or damp,only cars,not at or within 20 metres of junction,at least one vehicle skidded or overturned,at least one vehicle leaving carriageway,at least one vehicle hit an object,at least one vehicle with frontal impact,all males,33.0,fatal
2019010200111,20,daylight,fine,dry,at least one biped,at or within 20 metres of junction,no skidding or overturning,at least one vehicle leaving carriageway,none hit an object,at least one vehicle with frontal impact,male and female,43.0,serious
201906e262602,40,daylight,fine,dry,at least one biped,at or within 20 metres of junction,no skidding or overturning,none leaving carriageway,none hit an object,at least one vehicle with frontal impact,all males,28.0,serious
2019220847315,60,darkness,fine,dry,only cars,not at or within 20 metres of junction,at least one vehicle skidded or overturned,at least one vehicle leaving carriageway,at least one vehicle hit an object,at least one vehicle with frontal impact,all males,50.0,fatal
2019010217506,30,daylight,other,wet or damp,only cars,at or within 20 metres of junction,no skidding or overturning,none leaving carriageway,none hit an object,at least one vehicle with frontal impact,all males,63.0,slight
2019010198451,20,daylight,fine,dry,only cars,at or within 20 metres of junction,data missing or out of range,data missing or out of range,data missing or out of range,at least one vehicle with frontal impact,data missing or out of range,,slight
201906l265659,30,daylight,other,wet or damp,at least one van,not at or within 20 metres of junction,no skidding or overturning,none leaving carriageway,none hit an object,at least one vehicle with frontal impact,all males,30.0,serious
2019360816517,60,darkness,fine,wet or damp,only cars,not at or within 20 metres of junction,no skidding or overturning,at least one vehicle leaving carriageway,at least one vehicle hit an object,at least one vehicle with frontal impact,all males,83.0,fatal
2019610047519,60,daylight,fine,dry,only cars,not at or within 20 metres of junction,no skidding or overturning,none leaving carriageway,none hit an object,at least one vehicle with frontal impact,male and female,29.0,fatal
2019350815734,30,daylight,fine,wet or damp,only cars,at or within 20 metres of junction,no skidding or overturning,none leaving carriageway,none hit an object,at least one vehicle with frontal impact,all females,56.0,slight
2019420832263,40,daylight,fine,dry,biped and van,at or within 20 metres of junction,at least one vehicle skidded or overturned,none leaving carriageway,none hit an object,at least one vehicle with frontal impact,all males,64.0,serious
20191367h1500,40,daylight,fine,dry,only cars,at or within 20 metres of junction,no skidding or overturning,at least one vehicle leaving carriageway,at least one vehicle hit an object,at least one vehicle with frontal impact,all males,43.0,slight
2019010185800,30,daylight,fine,dry,only cars,at or within 20 metres of junction,no skidding or overturning,none leaving carriageway,none hit an object,other points of impact,all females,29.0,slight
2019140889634,30,daylight,fine,dry,only cars,at or within 20 metres of junction,no skidding or overturning,none leaving carriageway,none hit an object,at least one vehicle with frontal impact,data missing or out of range,,slight
201t010223920,30,daylight,fine,data missing or out of range,only cars,data missing or out of range,data missing or out of range,data missing or out of range,data missing or out of range,other points of impact,data missing or out of range,,
2019010195877,30,darkness,fine,dry,at least one biped,data missing or out of range,data missing or out of range,data missing or out of range,data missing or out of range,at least one vehicle with frontal impact,all males,37.0,serious
2019460872844,30,daylight,fine,dry,only cars,at or within 20 metres of junction,no skidding or overturning,none leaving carriageway,none hit an object,at least one vehicle with frontal impact,all females,28.0,slight
2019551900169,60,darkness,fine,wet or damp,only cars,not at or within 20 metres of junction,at least one vehicle skidded or overturned,none leaving carriageway,none hit an object,at least one vehicle with frontal impact,all males,29.0,fatal
2019520904344,30,daylight,fine,dry,biped and van,at or within 20 metres of junction,no skidding or overturning,none leaving carriageway,none hit an object,at least one vehicle with frontal impact,all males,46.0,fatal
2019136c40275,60,daylight,fine,dry,only cars,not at or within 20 metres of junction,no skidding or overturning,none leaving carriageway,none hit an object,at least one vehicle with frontal impact,male and female,58.0,slight
2019136ce0679,30,daylight,fine,dry,only cars,not at or within 20 metres of junction,no skidding or overturning,none leaving carriageway,none hit an object,at least one vehicle with frontal impact,all males,29.0,slight
2019500834906,30,daylight,fine,dry,only cars,not at or within 20 metres of junction,at least one vehicle skidded or overturned,at least one vehicle leaving carriageway,at least one vehicle hit an object,at least one vehicle with frontal impact,all males,84.0,slight
2019460868409,70,daylight,other,wet or damp,only cars,not at or within 20 metres of junction,at least one vehicle skidded or overturned,none leaving carriageway,none hit an object,at least one vehicle with frontal impact,all males,44.0,fatal
2019400895025,20,daylight,other,wet or damp,only cars,at or within 20 metres of junction,no skidding or overturning,none leaving carriageway,none hit an object,other points of impact,all males,50.0,serious
2019230845821,50,daylight,fine,dry,at least one van,not at or within 20 metres of junction,no skidding or overturning,none leaving carriageway,none hit an object,at least one vehicle with frontal impact,all males,58.0,slight
2019010229732,20,daylight,fine,dry,at least one van,data missing or out of range,data missing or out of range,data missing or out of range,data missing or out of range,at least one vehicle with frontal impact,data missing or out of range,,slight
2019220835008,30,darkness,other,wet or damp,only cars,at or within 20 metres of junction,no skidding or overturning,none leaving carriageway,none hit an object,at least one vehicle with frontal impact,all males,45.0,serious
2019440417297,30,daylight,fine,dry,at least one van,at or within 20 metres of junction,no skidding or overturning,none leaving carriageway,none hit an object,at least one vehicle with frontal impact,all males,34.0,slight
2019500907868,30,darkness,data missing or out of range,dry,at least one van,at or within 20 metres of junction,no skidding or overturning,none leaving carriageway,none hit an object,at least one vehicle with frontal impact,all males,62.0,fatal
2019010169144,30,darkness,fine,dry,at least one biped,at or within 20 metres of junction,no skidding or overturning,none leaving carriageway,none hit an object,at least one vehicle with frontal impact,all males,53.0,slight
2019460910906,40,daylight,fine,wet or damp,only cars,not at or within 20 metres of junction,no skidding or overturning,none leaving carriageway,none hit an object,at least one vehicle with frontal impact,male and female,43.0,slight
201906g255787,40,daylight,fine,dry,only cars,at or within 20 metres of junction,no skidding or overturning,none leaving carriageway,none hit an object,at least one vehicle with frontal impact,all males,62.0,slight
2019440131320,30,daylight,fine,dry,only cars,at or within 20 metres of junction,no skidding or overturning,none leaving carriageway,none hit an object,at least one vehicle with frontal impact,all males,75.0,slight
2019950000386,20,daylight,fine,dry,biped and van,at or within 20 metres of junction,no skidding or overturning,none leaving carriageway,none hit an object,at least one vehicle with frontal impact,all males,49.0,fatal
2019136951157,30,daylight,fine,dry,only cars,at or within 20 metres of junction,no skidding or overturning,none leaving carriageway,none hit an object,at least one vehicle with frontal impact,male and female,53.0,slight
2019950000206,30,darkness,fine,dry,at least one van,not at or within 20 metres of junction,no skidding or overturning,none leaving carriageway,none hit an object,other points of impact,all males,56.0,fatal
2019471900824,30,darkness,other,wet or damp,only cars,at or within 20 metres of junction,no skidding or overturning,none leaving carriageway,none hit an object,at least one vehicle with frontal impact,data missing or out of range,,slight
2019350873912,40,daylight,fine,dry,only cars,not at or within 20 metres of junction,at least one vehicle skidded or overturned,at least one vehicle leaving carriageway,none hit an object,at least one vehicle with frontal impact,all males,57.0,slight
2019440283520,40,darkness,fine,dry,at least one biped,not at or within 20 metres of junction,no skidding or overturning,at least one vehicle leaving carriageway,at least one vehicle hit an object,other points of impact,all males,27.0,serious
2019040962816,30,darkness,data missing or out of range,wet or damp,at least one biped,at or within 20 metres of junction,no skidding or overturning,none leaving carriageway,none hit an object,at least one vehicle with frontal impact,data missing or out of range,,serious
2019350837451,30,darkness,fine,dry,at least one van,at or within 20 metres of junction,no skidding or overturning,none leaving carriageway,none hit an object,at least one vehicle with frontal impact,all males,50.0,fatal
2019420893473,70,darkness,fine,dry,only cars,not at or within 20 metres of junction,no skidding or overturning,none leaving carriageway,none hit an object,at least one vehicle with frontal impact,data missing or out of range,,fatal
2019440241827,40,daylight,fine,dry,only cars,at or within 20 metres of junction,no skidding or overturning,none leaving carriageway,none hit an object,at least one vehicle with frontal impact,all males,50.0,slight
2019521902855,30,daylight,fine,dry,only cars,at or within 20 metres of junction,no skidding or overturning,none leaving carriageway,none hit an object,other points of impact,all males,32.0,slight
2019010173233,30,daylight,fine,dry,at least one biped,at or within 20 metres of junction,no skidding or overturning,none leaving carriageway,none hit an object,at least one vehicle with frontal impact,data missing or out of range,,serious
2019360935969,30,darkness,other,wet or damp,only cars,not at or within 20 metres of junction,no skidding or overturning,none leaving carriageway,none hit an object,at least one vehicle with frontal impact,all males,44.0,serious
201t110877412,30,daylight,fine,dry,only cars,not at or within 20 metres of junction,no skidding or overturning,none leaving carriageway,none hit an object,at least one vehicle with frontal impact,all females,28.0,
2019010174580,30,daylight,fine,dry,at least one van,at or within 20 metres of junction,no skidding or overturning,none leaving carriageway,none hit an object,at least one vehicle with frontal impact,data missing or out of range,,slight
2019121901355,40,daylight,fine,dry,only cars,at or within 20 metres of junction,no skidding or overturning,none leaving carriageway,none hit an object,at least one vehicle with frontal impact,male and female,31.0,slight
2019350898618,70,daylight,fine,dry,only cars,not at or within 20 metres of junction,no skidding or overturning,none leaving carriageway,none hit an object,at least one vehicle with frontal impact,all males,44.0,slight
2019500891893,30,darkness,fine,dry,at least one biped,at or within 20 metres of junction,no skidding or overturning,none leaving carriageway,none hit an object,at least one vehicle with frontal impact,all males,36.0,serious
201931b002119,40,daylight,fine,dry,only cars,at or within 20 metres of junction,at least one vehicle skidded or overturned,none leaving carriageway,none hit an object,at least one vehicle with frontal impact,all females,35.0,slight
2019040852674,70,daylight,fine,dry,at least one van,not at or within 20 metres of junction,no skidding or overturning,at least one vehicle leaving carriageway,at least one vehicle hit an object,at least one vehicle with frontal impact,all males,58.0,fatal
201906a164637,30,darkness,fine,dry,only cars,not at or within 20 metres of junction,no skidding or overturning,none leaving carriageway,none hit an object,at least one vehicle with frontal impact,all males,30.0,fatal
2019950902147,60,daylight,other,wet or damp,at least one van,at or within 20 metres of junction,at least one vehicle skidded or overturned,none leaving carriageway,none hit an object,at least one vehicle with frontal impact,male and female,51.0,serious