accident_index,speed_limit,light_conditions,weather_conditions,road_surface_conditions,vehicle_type,junction_location,skidding_and_overturning,vehicle_leaving_carriageway,hit_object_off_carriageway,first_point_of_impact,sex_of_driver,age_of_oldest_driver,accident_severity
2019440301643,60,darkness,fine,dry,only cars,not at or within 20 metres of junction,no skidding or overturning,at least one vehicle leaving carriageway,at least one vehicle hit an object,at least one vehicle with frontal impact,all males,29.0,slight
2019200896300,40,daylight,fine,dry,only cars,not at or within 20 metres of junction,at least one vehicle skidded or overturned,at least one vehicle leaving carriageway,none hit an object,at least one vehicle with frontal impact,male and female,23.0,slight
2019230890170,60,darkness,other,wet or damp,only cars,not at or within 20 metres of junction,at least one vehicle skidded or overturned,at least one vehicle leaving carriageway,none hit an object,at least one vehicle with frontal impact,all males,47.0,serious
2019410907566,30,darkness,fine,other,at least one biped,at or within 20 metres of junction,no skidding or overturning,none leaving carriageway,none hit an object,other points of impact,male and female,,serious
2019220853652,30,daylight,fine,dry,at least one biped,not at or within 20 metres of junction,no skidding or overturning,none leaving carriageway,none hit an object,other points of impact,all females,58.0,serious
2019010218619,30,daylight,fine,dry,at least one biped,data missing or out of range,data missing or out of range,data missing or out of range,data missing or out of range,data missing or out of range,all males,49.0,slight
2019040909277,30,darkness,fine,dry,only cars,not at or within 20 metres of junction,no skidding or overturning,none leaving carriageway,none hit an object,at least one vehicle with frontal impact,all males,19.0,slight
2019010175031,20,darkness,fine,dry,only cars,at or within 20 metres of junction,at least one vehicle skidded or overturned,none leaving carriageway,none hit an object,other points of impact,data missing or out of range,,fatal
2019040819611,50,darkness,other,other,at least one biped,at or within 20 metres of junction,at least one vehicle skidded or overturned,none leaving carriageway,none hit an object,other points of impact,all males,20.0,serious
2019545265819,50,daylight,fine,dry,at least one van,not at or within 20 metres of junction,at least one vehicle skidded or overturned,at least one vehicle leaving carriageway,none hit an object,at least one vehicle with frontal impact,male and female,38.0,slight
2019370828674,60,darkness,fine,dry,only cars,not at or within 20 metres of junction,no skidding or overturning,at least one vehicle leaving carriageway,none hit an object,at least one vehicle with frontal impact,all males,47.0,serious
2019040874468,30,daylight,fine,dry,only cars,not at or within 20 metres of junction,no skidding or overturning,none leaving carriageway,none hit an object,at least one vehicle with frontal impact,male and female,83.0,serious
2019360927648,30,darkness,fine,dry,only cars,at or within 20 metres of junction,no skidding or overturning,none leaving carriageway,none hit an object,data missing or out of range,data missing or out of range,,fatal
2019520904870,60,daylight,data missing or out of range,dry,only cars,not at or within 20 metres of junction,no skidding or overturning,none leaving carriageway,none hit an object,no impact,data missing or out of range,,fatal
2019500926808,60,daylight,fine,wet or damp,only cars,not at or within 20 metres of junction,at least one vehicle skidded or overturned,at least one vehicle leaving carriageway,at least one vehicle hit an object,at least one vehicle with frontal impact,all males,44.0,slight
2019051913169,30,daylight,fine,wet or damp,at least one biped,at or within 20 metres of junction,no skidding or overturning,none leaving carriageway,none hit an object,other points of impact,male and female,63.0,serious
2019210914361,30,darkness,fine,dry,only cars,at or within 20 metres of junction,no skidding or overturning,none leaving carriageway,none hit an object,at least one vehicle with frontal impact,data missing or out of range,,slight
2019110827012,40,daylight,fine,dry,at least one biped,at or within 20 metres of junction,no skidding or overturning,none leaving carriageway,none hit an object,at least one vehicle with frontal impact,all males,59.0,slight
2019320349849,60,daylight,fine,dry,at least one van,not at or within 20 metres of junction,no skidding or overturning,none leaving carriageway,none hit an object,other points of impact,male and female,,fatal
2019220355770,40,daylight,fine,wet or damp,at least one van,at or within 20 metres of junction,at least one vehicle skidded or overturned,none leaving carriageway,none hit an object,other points of impact,all males,50.0,slight
2019070710645,30,darkness,fine,other,at least one biped,at or within 20 metres of junction,no skidding or overturning,none leaving carriageway,none hit an object,at least one vehicle with frontal impact,male and female,49.0,slight
2019010212310,30,daylight,other,data missing or out of range,only cars,not at or within 20 metres of junction,data missing or out of range,data missing or out of range,data missing or out of range,at least one vehicle with frontal impact,all males,35.0,slight
2019010170689,30,darkness,fine,dry,at least one biped,at or within 20 metres of junction,no skidding or overturning,none leaving carriageway,none hit an object,at least one vehicle with frontal impact,all males,30.0,serious
2019521905668,30,daylight,fine,dry,at least one biped,at or within 20 metres of junction,no skidding or overturning,none leaving carriageway,none hit an object,at least one vehicle with frontal impact,all males,47.0,serious
2019010210371,30,daylight,data missing or out of range,dry,at least one biped,data missing or out of range,data missing or out of range,data missing or out of range,data missing or out of range,data missing or out of range,data missing or out of range,,serious
2019440362641,30,daylight,fine,dry,only cars,at or within 20 metres of junction,no skidding or overturning,none leaving carriageway,none hit an object,other points of impact,data missing or out of range,,slight
2019010165631,50,darkness,fine,dry,at least one van,not at or within 20 metres of junction,at least one vehicle skidded or overturned,none leaving carriageway,none hit an object,at least one vehicle with frontal impact,all males,53.0,fatal
2019420889474,60,daylight,fine,dry,only cars,not at or within 20 metres of junction,no skidding or overturning,at least one vehicle leaving carriageway,at least one vehicle hit an object,at least one vehicle with frontal impact,all females,62.0,serious
2019070700923,50,daylight,fine,dry,at least one van,at or within 20 metres of junction,no skidding or overturning,at least one vehicle leaving carriageway,at least one vehicle hit an object,other points of impact,male and female,60.0,slight
20191368v0763,30,daylight,fine,dry,only cars,at or within 20 metres of junction,at least one vehicle skidded or overturned,none leaving carriageway,none hit an object,at least one vehicle with frontal impact,all males,18.0,slight
2019136250788,30,daylight,fine,dry,only cars,not at or within 20 metres of junction,no skidding or overturning,none leaving carriageway,none hit an object,other points of impact,data missing or out of range,48.0,slight
2019010216344,20,darkness,fine,wet or damp,only cars,data missing or out of range,data missing or out of range,data missing or out of range,data missing or out of range,at least one vehicle with frontal impact,data missing or out of range,,fatal
2019370922650,30,daylight,fine,dry,only cars,not at or within 20 metres of junction,no skidding or overturning,none leaving carriageway,none hit an object,at least one vehicle with frontal impact,male and female,59.0,slight
2019010155883,30,daylight,fine,dry,at least one biped,at or within 20 metres of junction,no skidding or overturning,none leaving carriageway,none hit an object,other points of impact,male and female,43.0,serious
2019970880383,60,daylight,fine,wet or damp,only cars,not at or within 20 metres of junction,no skidding or overturning,at least one vehicle leaving carriageway,none hit an object,other points of impact,all males,52.0,fatal
2019450879900,40,darkness,fine,dry,at least one biped,not at or within 20 metres of junction,at least one vehicle skidded or overturned,none leaving carriageway,none hit an object,no impact,all males,39.0,serious
201906f256710,30,daylight,fine,dry,only cars,at or within 20 metres of junction,no skidding or overturning,none leaving carriageway,none hit an object,at least one vehicle with frontal impact,all males,43.0,slight
2019010227247,30,darkness,fine,dry,at least one biped,at or within 20 metres of junction,no skidding or overturning,none leaving carriageway,none hit an object,at least one vehicle with frontal impact,all males,29.0,serious
2019430096376,40,daylight,fine,dry,at least one biped,at or within 20 metres of junction,no skidding or overturning,none leaving carriageway,none hit an object,at least one vehicle with frontal impact,all males,49.0,serious
2019100825161,30,daylight,fine,dry,at least one van,not at or within 20 metres of junction,no skidding or overturning,none leaving carriageway,none hit an object,at least one vehicle with frontal impact,all males,32.0,slight
2019410857134,30,daylight,fine,wet or damp,only cars,at or within 20 metres of junction,no skidding or overturning,none leaving carriageway,none hit an object,at least one vehicle with frontal impact,all females,38.0,slight
2019950000211,30,daylight,fine,dry,only cars,at or within 20 metres of junction,no skidding or overturning,none leaving carriageway,none hit an object,at least one vehicle with frontal impact,all males,57.0,fatal
2019400847785,30,daylight,fine,dry,at least one biped,at or within 20 metres of junction,no skidding or overturning,none leaving carriageway,none hit an object,at least one vehicle with frontal impact,all males,42.0,slight
2019010218368,30,daylight,fine,dry,at least one van,data missing or out of range,data missing or out of range,data missing or out of range,data missing or out of range,at least one vehicle with frontal impact,data missing or out of range,,slight
2019420884879,30,daylight,fine,wet or damp,only cars,not at or within 20 metres of junction,no skidding or overturning,at least one vehicle leaving carriageway,none hit an object,at least one vehicle with frontal impact,all females,81.0,slight
2019200831101,30,darkness,fine,dry,only cars,at or within 20 metres of junction,no skidding or overturning,none leaving carriageway,none hit an object,at least one vehicle with frontal impact,data missing or out of range,,slight
2019010199627,20,daylight,other,wet or damp,at least one van,not at or within 20 metres of junction,data missing or out of range,data missing or out of range,data missing or out of range,data missing or out of range,all males,49.0,slight
2019520906440,30,daylight,other,wet or damp,at least one biped,at or within 20 metres of junction,no skidding or overturning,none leaving carriageway,none hit an object,at least one vehicle with frontal impact,all females,51.0,serious
2019136br0277,30,daylight,fine,dry,only cars,not at or within 20 metres of junction,no skidding or overturning,none leaving carriageway,none hit an object,at least one vehicle with frontal impact,all females,39.0,slight
2019301900320,30,daylight,fine,dry,only cars,at or within 20 metres of junction,no skidding or overturning,none leaving carriageway,none hit an object,at least one vehicle with frontal impact,male and female,68.0,slight
2019430187434,70,daylight,fine,dry,at least one van,not at or within 20 metres of junction,no skidding or overturning,at least one vehicle leaving carriageway,at least one vehicle hit an object,at least one vehicle with frontal impact,all males,61.0,fatal
2019040821397,30,darkness,other,other,only cars,not at or within 20 metres of junction,at least one vehicle skidded or overturned,at least one vehicle leaving carriageway,at least one vehicle hit an object,at least one vehicle with frontal impact,all females,30.0,serious
2019320552039,40,daylight,fine,dry,only cars,not at or within 20 metres of junction,no skidding or overturning,none leaving carriageway,none hit an object,at least one vehicle with frontal impact,all males,26.0,slight
2019070206417,60,daylight,other,wet or damp,only cars,at or within 20 metres of junction,at least one vehicle skidded or overturned,at least one vehicle leaving carriageway,at least one vehicle hit an object,at least one vehicle with frontal impact,all males,62.0,serious
2019010183174,30,daylight,fine,dry,only cars,at or within 20 metres of junction,no skidding or overturning,none leaving carriageway,none hit an object,other points of impact,all males,55.0,slight
2019470871132,30,daylight,fine,dry,at least one biped,at or within 20 metres of junction,no skidding or overturning,none leaving carriageway,none hit an object,at least one vehicle with frontal impact,all males,78.0,serious
2019010203079,20,daylight,fine,dry,biped and van,at or within 20 metres of junction,no skidding or overturning,none leaving carriageway,none hit an object,at least one vehicle with frontal impact,all males,37.0,fatal
2019200848772,40,darkness,fine,dry,only cars,not at or within 20 metres of junction,no skidding or overturning,none leaving carriageway,none hit an object,other points of impact,all males,47.0,fatal
2019040837098,30,daylight,fine,dry,only cars,at or within 20 metres of junction,no skidding or overturning,none leaving carriageway,none hit an object,other points of impact,all males,65.0,slight
2019140856360,40,darkness,fine,dry,only cars,at or within 20 metres of junction,no skidding or overturning,none leaving carriageway,none hit an object,at least one vehicle with frontal impact,all males,24.0,fatal
2019100895985,70,darkness,other,wet or damp,only cars,not at or within 20 metres of junction,at least one vehicle skidded or overturned,none leaving carriageway,none hit an object,at least one vehicle with frontal impact,all males,30.0,serious
201906e159322,30,daylight,fine,dry,only cars,at or within 20 metres of junction,no skidding or overturning,none leaving carriageway,none hit an object,other points of impact,male and female,71.0,slight
2019520907088,30,daylight,fine,dry,only cars,not at or within 20 metres of junction,no skidding or overturning,none leaving carriageway,none hit an object,at least one vehicle with frontal impact,male and female,36.0,slight
2019610057119,40,darkness,fine,dry,at least one biped,not at or within 20 metres of junction,no skidding or overturning,none leaving carriageway,none hit an object,no impact,all males,,serious
2019010174306,30,daylight,data missing or out of range,data missing or out of range,only cars,at or within 20 metres of junction,no skidding or overturning,none leaving carriageway,none hit an object,other points of impact,data missing or out of range,,slight
2019100855846,20,daylight,fine,dry,at least one van,not at or within 20 metres of junction,no skidding or overturning,none leaving carriageway,none hit an object,data missing or out of range,male and female,,slight
2019070425265,60,daylight,fine,dry,at least one biped,not at or within 20 metres of junction,at least one vehicle skidded or overturned,at least one vehicle leaving carriageway,at least one vehicle hit an object,at least one vehicle with frontal impact,all males,52.0,serious
2019460840826,70,daylight,other,wet or damp,at least one biped,not at or within 20 metres of junction,at least one vehicle skidded or overturned,none leaving carriageway,none hit an object,no impact,all males,63.0,serious
2019460826429,30,daylight,fine,wet or damp,only cars,at or within 20 metres of junction,at least one vehicle skidded or overturned,none leaving carriageway,none hit an object,other points of impact,all females,35.0,slight
2019160825818,30,daylight,fine,dry,at least one biped,not at or within 20 metres of junction,no skidding or overturning,at least one vehicle leaving carriageway,none hit an object,at least one vehicle with frontal impact,all males,63.0,serious
2019610036319,30,daylight,fine,dry,at least one biped,at or within 20 metres of junction,no skidding or overturning,at least one vehicle leaving carriageway,at least one vehicle hit an object,at least one vehicle with frontal impact,all males,67.0,serious
2019010209051,30,daylight,other,wet or damp,at least one biped,data missing or out of range,data missing or out of range,data missing or out of range,data missing or out of range,data missing or out of range,all males,,slight
2019500907512,60,daylight,other,wet or damp,only cars,not at or within 20 metres of junction,at least one vehicle skidded or overturned,at least one vehicle leaving carriageway,none hit an object,at least one vehicle with frontal impact,all females,18.0,slight
2019460833898,30,daylight,fine,wet or damp,only cars,at or within 20 metres of junction,no skidding or overturning,none leaving carriageway,none hit an object,other points of impact,male and female,86.0,serious
2019010182011,40,daylight,fine,dry,only cars,data missing or out of range,data missing or out of range,data missing or out of range,data missing or out of range,other points of impact,data missing or out of range,,slight
2019610057819,30,darkness,other,other,only cars,at or within 20 metres of junction,no skidding or overturning,none leaving carriageway,at least one vehicle hit an object,at least one vehicle with frontal impact,all females,76.0,serious
2019551901186,30,darkness,fine,wet or damp,at least one biped,at or within 20 metres of junction,at least one vehicle skidded or overturned,none leaving carriageway,none hit an object,no impact,all males,49.0,serious
2019500869313,30,daylight,fine,dry,at least one biped,at or within 20 metres of junction,no skidding or overturning,none leaving carriageway,none hit an object,at least one vehicle with frontal impact,data missing or out of range,,slight
2019160871315,30,daylight,fine,dry,at least one biped,not at or within 20 metres of junction,no skidding or overturning,none leaving carriageway,none hit an object,at least one vehicle with frontal impact,male and female,41.0,serious
2019160884735,70,daylight,fine,dry,at least one van,not at or within 20 metres of junction,no skidding or overturning,none leaving carriageway,none hit an object,no impact,all males,49.0,fatal
2019010174329,30,daylight,fine,dry,at least one biped,not at or within 20 metres of junction,at least one vehicle skidded or overturned,none leaving carriageway,none hit an object,no impact,all males,35.0,serious
2019410902385,30,daylight,fine,dry,only cars,not at or within 20 metres of junction,no skidding or overturning,at least one vehicle leaving carriageway,at least one vehicle hit an object,at least one vehicle with frontal impact,all females,74.0,slight
2019010169413,30,daylight,fine,dry,at least one biped,not at or within 20 metres of junction,no skidding or overturning,none leaving carriageway,none hit an object,at least one vehicle with frontal impact,male and female,70.0,serious
2019470897086,30,daylight,other,wet or damp,only cars,at or within 20 metres of junction,no skidding or overturning,none leaving carriageway,none hit an object,at least one vehicle with frontal impact,male and female,86.0,slight
20191367t1362,30,daylight,fine,dry,only cars,not at or within 20 metres of junction,no skidding or overturning,none leaving carriageway,none hit an object,at least one vehicle with frontal impact,data missing or out of range,,slight
201963c120719,60,darkness,fine,wet or damp,only cars,at or within 20 metres of junction,no skidding or overturning,at least one vehicle leaving carriageway,at least one vehicle hit an object,at least one vehicle with frontal impact,all males,17.0,serious
2019320476654,60,daylight,fine,dry,biped and van,at or within 20 metres of junction,no skidding or overturning,at least one vehicle leaving carriageway,none hit an object,at least one vehicle with frontal impact,all males,78.0,fatal
2019010190580,30,daylight,fine,dry,only cars,at or within 20 metres of junction,no skidding or overturning,none leaving carriageway,none hit an object,other points of impact,all males,49.0,slight
2019010199396,30,darkness,fine,dry,at least one van,at or within 20 metres of junction,no skidding or overturning,none leaving carriageway,none hit an object,no impact,all males,47.0,fatal
201906a261721,30,daylight,fine,dry,only cars,at or within 20 metres of junction,no skidding or overturning,none leaving carriageway,none hit an object,at least one vehicle with frontal impact,all males,44.0,slight
2019471901302,30,darkness,fine,wet or damp,at least one biped,at or within 20 metres of junction,no skidding or overturning,none leaving carriageway,none hit an object,at least one vehicle with frontal impact,all males,47.0,slight
2019220860637,30,daylight,fine,dry,biped and van,not at or within 20 metres of junction,no skidding or overturning,none leaving carriageway,none hit an object,other points of impact,all males,48.0,fatal
2019010164190,30,daylight,fine,wet or damp,only cars,not at or within 20 metres of junction,no skidding or overturning,none leaving carriageway,none hit an object,other points of impact,all males,53.0,slight
2019370815848,30,daylight,fine,dry,at least one biped,at or within 20 metres of junction,no skidding or overturning,none leaving carriageway,none hit an object,at least one vehicle with frontal impact,male and female,40.0,serious
2019320296839,30,daylight,fine,dry,only cars,at or within 20 metres of junction,no skidding or overturning,none leaving carriageway,none hit an object,at least one vehicle with frontal impact,male and female,58.0,slight
2019420840912,30,darkness,fine,dry,only cars,at or within 20 metres of junction,no skidding or overturning,none leaving carriageway,none hit an object,other points of impact,male and female,53.0,fatal
2019610019519,30,daylight,fine,dry,only cars,at or within 20 metres of junction,no skidding or overturning,none leaving carriageway,none hit an object,at least one vehicle with frontal impact,all females,38.0,slight
201997kb01804,30,daylight,fine,dry,at least one biped,at or within 20 metres of junction,no skidding or overturning,none leaving carriageway,none hit an object,at least one vehicle with frontal impact,male and female,49.0,slight
2019040844130,30,daylight,fine,dry,only cars,at or within 20 metres of junction,no skidding or overturning,none leaving carriageway,none hit an object,at least one vehicle with frontal impact,all males,44.0,slight
2019230857995,60,daylight,fine,dry,at least one biped,at or within 20 metres of junction,no skidding or overturning,at least one vehicle leaving carriageway,at least one vehicle hit an object,at least one vehicle with frontal impact,all males,73.0,serious
2019010180610,30,daylight,fine,dry,only cars,at or within 20 metres of junction,no skidding or overturning,none leaving carriageway,none hit an object,at least one vehicle with frontal impact,all males,61.0,slight
2019010195239,20,daylight,other,dry,only cars,data missing or out of range,data missing or out of range,data missing or out of range,data missing or out of range,data missing or out of range,data missing or out of range,,serious
2019301900652,50,daylight,fine,dry,only cars,not at or within 20 metres of junction,no skidding or overturning,none leaving carriageway,none hit an object,at least one vehicle with frontal impact,male and female,50.0,slight
2019051910006,20,darkness,fine,wet or damp,only cars,not at or within 20 metres of junction,no skidding or overturning,at least one vehicle leaving carriageway,at least one vehicle hit an object,at least one vehicle with frontal impact,data missing or out of range,,fatal
2019521906005,30,darkness,fine,dry,only cars,not at or within 20 metres of junction,no skidding or overturning,none leaving carriageway,none hit an object,at least one vehicle with frontal impact,all males,31.0,fatal
2019040900322,30,darkness,fine,wet or damp,only cars,at or within 20 metres of junction,no skidding or overturning,none leaving carriageway,none hit an object,at least one vehicle with frontal impact,male and female,28.0,fatal
201t1366o0885,30,daylight,fine,wet or damp,only cars,at or within 20 metres of junction,no skidding or overturning,none leaving carriageway,none hit an object,at least one vehicle with frontal impact,male and female,69.0,
2019420906306,60,daylight,fine,wet or damp,only cars,at or within 20 metres of junction,no skidding or overturning,at least one vehicle leaving carriageway,none hit an object,at least one vehicle with frontal impact,male and female,76.0,fatal
2019520905774,20,daylight,fine,dry,at least one biped,at or within 20 metres of junction,no skidding or overturning,none leaving carriageway,none hit an object,at least one vehicle with frontal impact,male and female,38.0,slight
201960x019952,30,daylight,fine,wet or damp,at least one van,not at or within 20 metres of junction,no skidding or overturning,none leaving carriageway,none hit an object,other points of impact,male and female,79.0,serious
2019350868877,30,daylight,fine,dry,only cars,not at or within 20 metres of junction,no skidding or overturning,none leaving carriageway,none hit an object,at least one vehicle with frontal impact,all females,84.0,slight
2019010169514,30,darkness,fine,dry,at least one biped,at or within 20 metres of junction,no skidding or overturning,none leaving carriageway,none hit an object,at least one vehicle with frontal impact,male and female,43.0,serious
2019230894773,50,daylight,fine,dry,at least one van,at or within 20 metres of junction,at least one vehicle skidded or overturned,at least one vehicle leaving carriageway,at least one vehicle hit an object,at least one vehicle with frontal impact,male and female,49.0,serious
2019010157280,30,darkness,fine,dry,only cars,not at or within 20 metres of junction,data missing or out of range,data missing or out of range,data missing or out of range,data missing or out of range,data missing or out of range,,fatal
2019140857381,40,daylight,fine,dry,only cars,not at or within 20 metres of junction,at least one vehicle skidded or overturned,none leaving carriageway,none hit an object,at least one vehicle with frontal impact,data missing or out of range,,serious
2019140840407,30,daylight,fine,dry,at least one biped,at or within 20 metres of junction,no skidding or overturning,none leaving carriageway,none hit an object,at least one vehicle with frontal impact,all males,53.0,serious
2019320564216,30,darkness,fine,dry,only cars,at or within 20 metres of junction,no skidding or overturning,none leaving carriageway,none hit an object,at least one vehicle with frontal impact,all males,24.0,fatal
2019140860357,30,daylight,fine,dry,only cars,at or within 20 metres of junction,no skidding or overturning,at least one vehicle leaving carriageway,at least one vehicle hit an object,other points of impact,all males,70.0,fatal
2019200889407,30,daylight,fine,dry,only cars,not at or within 20 metres of junction,no skidding or overturning,none leaving carriageway,none hit an object,other points of impact,data missing or out of range,,slight
2019051910632,30,daylight,fine,dry,at least one van,at or within 20 metres of junction,no skidding or overturning,at least one vehicle leaving carriageway,at least one vehicle hit an object,other points of impact,all males,45.0,slight
201963a048919,30,daylight,fine,dry,only cars,not at or within 20 metres of junction,no skidding or overturning,none leaving carriageway,none hit an object,at least one vehicle with frontal impact,all females,79.0,slight
2019420828417,40,darkness,fine,dry,other,at or within 20 metres of junction,at least one vehicle skidded or overturned,at least one vehicle leaving carriageway,at least one vehicle hit an object,at least one vehicle with frontal impact,all males,42.0,fatal
201931b116419,60,daylight,fine,dry,at least one biped,not at or within 20 metres of junction,no skidding or overturning,at least one vehicle leaving carriageway,at least one vehicle hit an object,at least one vehicle with frontal impact,male and female,,serious
2019160849220,30,daylight,fine,dry,only cars,not at or within 20 metres of junction,no skidding or overturning,at least one vehicle leaving carriageway,at least one vehicle hit an object,at least one vehicle with frontal impact,all females,29.0,slight
2019360912585,60,daylight,fine,wet or damp,only cars,at or within 20 metres of junction,no skidding or overturning,none leaving carriageway,none hit an object,at least one vehicle with frontal impact,all females,56.0,slight
2019301901067,50,daylight,fine,dry,at least one biped,at or within 20 metres of junction,at least one vehicle skidded or overturned,none leaving carriageway,none hit an object,at least one vehicle with frontal impact,all males,79.0,serious
2019471901360,30,daylight,fine,dry,only cars,at or within 20 metres of junction,no skidding or overturning,none leaving carriageway,none hit an object,at least one vehicle with frontal impact,data missing or out of range,,slight
2019010226865,30,darkness,data missing or out of range,data missing or out of range,at least one van,data missing or out of range,data missing or out of range,data missing or out of range,data missing or out of range,data missing or out of range,all males,55.0,serious
2019520901046,30,daylight,fine,dry,only cars,not at or within 20 metres of junction,no skidding or overturning,none leaving carriageway,none hit an object,other points of impact,data missing or out of range,,slight
2019370846688,60,daylight,other,wet or damp,at least one van,not at or within 20 metres of junction,at least one vehicle skidded or overturned,none leaving carriageway,none hit an object,at least one vehicle with frontal impact,all males,57.0,fatal
2019121901375,60,daylight,fine,dry,at least one biped,not at or within 20 metres of junction,no skidding or overturning,at least one vehicle leaving carriageway,none hit an object,other points of impact,all males,74.0,serious
2019010190023,30,daylight,fine,dry,at least one biped,at or within 20 metres of junction,no skidding or overturning,none leaving carriageway,none hit an object,at least one vehicle with frontal impact,male and female,27.0,serious
2019460815072,70,daylight,fine,dry,only cars,not at or within 20 metres of junction,no skidding or overturning,none leaving carriageway,none hit an object,other points of impact,all males,25.0,fatal
2019200894965,70,darkness,fine,dry,only cars,not at or within 20 metres of junction,no skidding or overturning,none leaving carriageway,none hit an object,at least one vehicle with frontal impact,data missing or out of range,,fatal
2019331901601,30,daylight,fine,dry,only cars,at or within 20 metres of junction,no skidding or overturning,none leaving carriageway,none hit an object,no impact,data missing or out of range,,slight
2019160818950,30,darkness,fine,dry,only cars,at or within 20 metres of junction,no skidding or overturning,none leaving carriageway,none hit an object,other points of impact,all males,20.0,serious
2019051910149,30,daylight,other,wet or damp,only cars,at or within 20 metres of junction,no skidding or overturning,none leaving carriageway,none hit an object,at least one vehicle with frontal impact,male and female,59.0,slight
2019430154524,70,darkness,fine,wet or damp,at least one biped,not at or within 20 metres of junction,no skidding or overturning,none leaving carriageway,none hit an object,at least one vehicle with frontal impact,all males,59.0,serious
2019010219949,40,darkness,other,wet or damp,only cars,at or within 20 metres of junction,no skidding or overturning,none leaving carriageway,none hit an object,at least one vehicle with frontal impact,male and female,28.0,serious
201963c000919,60,daylight,fine,dry,only cars,at or within 20 metres of junction,no skidding or overturning,none leaving carriageway,none hit an object,at least one vehicle with frontal impact,male and female,79.0,fatal
2019460854028,30,daylight,fine,dry,at least one biped,at or within 20 metres of junction,no skidding or overturning,none leaving carriageway,none hit an object,at least one vehicle with frontal impact,male and female,53.0,serious
201t500811134,40,daylight,data missing or out of range,dry,at least one van,not at or within 20 metres of junction,no skidding or overturning,none leaving carriageway,none hit an object,other points of impact,all males,67.0,
201906xe52176,70,darkness,fine,dry,only cars,not at or within 20 metres of junction,no skidding or overturning,none leaving carriageway,none hit an object,at least one vehicle with frontal impact,all males,19.0,fatal
2019400895825,30,daylight,fine,dry,at least one biped,not at or within 20 metres of junction,no skidding or overturning,none leaving carriageway,none hit an object,other points of impact,all males,55.0,serious
2019160817269,30,daylight,fine,dry,only cars,not at or within 20 metres of junction,no skidding or overturning,none leaving carriageway,none hit an object,at least one vehicle with frontal impact,data missing or out of range,,slight
2019010210362,30,daylight,other,wet or damp,only cars,at or within 20 metres of junction,data missing or out of range,data missing or out of range,data missing or out of range,at least one vehicle with frontal impact,data missing or out of range,,slight
2019430371685,30,daylight,other,wet or damp,only cars,not at or within 20 metres of junction,no skidding or overturning,none leaving carriageway,none hit an object,at least one vehicle with frontal impact,data missing or out of range,,slight
2019471901244,50,daylight,fine,dry,at least one van,at or within 20 metres of junction,no skidding or overturning,none leaving carriageway,at least one vehicle hit an object,at least one vehicle with frontal impact,all males,61.0,serious
2019010214365,20,darkness,other,wet or damp,at least one biped,data missing or out of range,data missing or out of range,data missing or out of range,data missing or out of range,at least one vehicle with frontal impact,all males,19.0,serious
2019200813474,30,daylight,fine,other,only cars,at or within 20 metres of junction,no skidding or overturning,none leaving carriageway,none hit an object,at least one vehicle with frontal impact,all males,25.0,serious
2019450908149,50,darkness,other,wet or damp,only cars,not at or within 20 metres of junction,no skidding or overturning,none leaving carriageway,none hit an object,at least one vehicle with frontal impact,all males,57.0,fatal
2019430003038,50,darkness,other,dry,only cars,at or within 20 metres of junction,no skidding or overturning,none leaving carriageway,none hit an object,other points of impact,data missing or out of range,,fatal
2019010200285,30,darkness,fine,dry,only cars,at or within 20 metres of junction,no skidding or overturning,none leaving carriageway,none hit an object,at least one vehicle with frontal impact,data missing or out of range,,fatal
2019521904538,20,darkness,fine,dry,only cars,at or within 20 metres of junction,no skidding or overturning,none leaving carriageway,none hit an object,at least one vehicle with frontal impact,all males,32.0,slight
2019140840262,40,daylight,fine,wet or damp,at least one van,at or within 20 metres of junction,no skidding or overturning,none leaving carriageway,none hit an object,at least one vehicle with frontal impact,male and female,69.0,slight
201954c028319,30,daylight,fine,dry,only cars,at or within 20 metres of junction,no skidding or overturning,none leaving carriageway,none hit an object,at least one vehicle with frontal impact,all males,84.0,serious
2019471902226,40,daylight,fine,dry,at least one biped,at or within 20 metres of junction,no skidding or overturning,none leaving carriageway,none hit an object,other points of impact,male and female,55.0,serious
2019010202739,50,darkness,fine,dry,only cars,not at or within 20 metres of junction,no skidding or overturning,at least one vehicle leaving carriageway,at least one vehicle hit an object,at least one vehicle with frontal impact,data missing or out of range,,fatal
2019520904862,60,daylight,data missing or out of range,dry,only cars,at or within 20 metres of junction,no skidding or overturning,none leaving carriageway,none hit an object,no impact,all males,50.0,fatal
201906j358329,30,daylight,fine,dry,only cars,at or within 20 metres of junction,no skidding or overturning,none leaving carriageway,none hit an object,other points of impact,all females,45.0,slight
2019140886271,40,daylight,fine,dry,at least one van,at or within 20 metres of junction,no skidding or overturning,none leaving carriageway,none hit an object,other points of impact,all males,83.0,slight
2019220860719,60,daylight,fine,dry,at least one biped,at or within 20 metres of junction,at least one vehicle skidded or overturned,none leaving carriageway,none hit an object,at least one vehicle with frontal impact,male and female,56.0,serious
201t410850872,30,daylight,other,wet or damp,at least one van,at or within 20 metres of junction,no skidding or overturning,at least one vehicle leaving carriageway,at least one vehicle hit an object,at least one vehicle with frontal impact,all males,60.0,
2019521902984,20,daylight,fine,dry,only cars,not at or within 20 metres of junction,no skidding or overturning,none leaving carriageway,none hit an object,other points of impact,data missing or out of range,,slight