accident_index,speed_limit,light_conditions,weather_conditions,road_surface_conditions,vehicle_type,junction_location,skidding_and_overturning,vehicle_leaving_carriageway,hit_object_off_carriageway,first_point_of_impact,sex_of_driver,age_of_oldest_driver,accident_severity
2019170s10279,30,daylight,fine,dry,only cars,not at or within 20 metres of junction,no skidding or overturning,none leaving carriageway,none hit an object,at least one vehicle with frontal impact,male and female,51.0,slight
2019070663231,30,daylight,fine,dry,at least one biped,at or within 20 metres of junction,no skidding or overturning,at least one vehicle leaving carriageway,at least one vehicle hit an object,at least one vehicle with frontal impact,all males,58.0,serious
2019010222486,30,daylight,data missing or out of range,dry,at least one biped,data missing or out of range,data missing or out of range,data missing or out of range,data missing or out of range,data missing or out of range,data missing or out of range,,slight
2019010216411,20,daylight,fine,dry,at least one biped,at or within 20 metres of junction,no skidding or overturning,none leaving carriageway,none hit an object,at least one vehicle with frontal impact,male and female,60.0,serious
2019136be0020,30,darkness,fine,dry,only cars,at or within 20 metres of junction,no skidding or overturning,none leaving carriageway,none hit an object,at least one vehicle with frontal impact,all males,29.0,slight
2019010176613,20,daylight,fine,dry,only cars,at or within 20 metres of junction,no skidding or overturning,none leaving carriageway,none hit an object,at least one vehicle with frontal impact,male and female,36.0,slight
2019460833929,30,daylight,fine,dry,at least one van,at or within 20 metres of junction,no skidding or overturning,none leaving carriageway,none hit an object,at least one vehicle with frontal impact,male and female,43.0,slight
2019010175230,40,daylight,fine,dry,biped and van,not at or within 20 metres of junction,data missing or out of range,data missing or out of range,data missing or out of range,at least one vehicle with frontal impact,data missing or out of range,,fatal
2019370821439,30,daylight,fine,dry,only cars,at or within 20 metres of junction,no skidding or overturning,none leaving carriageway,none hit an object,at least one vehicle with frontal impact,male and female,61.0,slight
201931a129119,30,daylight,other,wet or damp,only cars,at or within 20 metres of junction,no skidding or overturning,none leaving carriageway,none hit an object,at least one vehicle with frontal impact,male and female,62.0,slight
2019140811146,60,daylight,fine,wet or damp,at least one van,at or within 20 metres of junction,at least one vehicle skidded or overturned,at least one vehicle leaving carriageway,at least one vehicle hit an object,at least one vehicle with frontal impact,all males,34.0,fatal
2019010160745,20,daylight,fine,dry,only cars,at or within 20 metres of junction,no skidding or overturning,none leaving carriageway,none hit an object,other points of impact,all males,66.0,serious
2019010212286,30,daylight,other,wet or damp,at least one biped,at or within 20 metres of junction,no skidding or overturning,none leaving carriageway,none hit an object,at least one vehicle with frontal impact,all males,50.0,serious
2019970871029,30,daylight,fine,dry,only cars,at or within 20 metres of junction,no skidding or overturning,none leaving carriageway,none hit an object,at least one vehicle with frontal impact,male and female,33.0,slight
2019440446439,30,daylight,other,wet or damp,only cars,at or within 20 metres of junction,no skidding or overturning,at least one vehicle leaving carriageway,at least one vehicle hit an object,at least one vehicle with frontal impact,all males,82.0,serious
2019010211116,20,darkness,other,wet or damp,only cars,at or within 20 metres of junction,no skidding or overturning,none leaving carriageway,none hit an object,at least one vehicle with frontal impact,data missing or out of range,,serious
2019331900127,70,daylight,fine,dry,only cars,not at or within 20 metres of junction,at least one vehicle skidded or overturned,at least one vehicle leaving carriageway,at least one vehicle hit an object,at least one vehicle with frontal impact,all males,65.0,fatal
2019450833074,70,daylight,other,dry,only cars,not at or within 20 metres of junction,no skidding or overturning,none leaving carriageway,none hit an object,at least one vehicle with frontal impact,data missing or out of range,55.0,fatal
2019547226419,30,darkness,fine,dry,only cars,not at or within 20 metres of junction,no skidding or overturning,none leaving carriageway,none hit an object,at least one vehicle with frontal impact,all females,26.0,fatal
201t440122430,30,daylight,other,wet or damp,only cars,at or within 20 metres of junction,no skidding or overturning,at least one vehicle leaving carriageway,at least one vehicle hit an object,at least one vehicle with frontal impact,data missing or out of range,,
2019430132514,60,darkness,fine,dry,only cars,not at or within 20 metres of junction,no skidding or overturning,none leaving carriageway,none hit an object,at least one vehicle with frontal impact,all males,19.0,fatal
2019140808783,50,darkness,fine,dry,only cars,not at or within 20 metres of junction,no skidding or overturning,none leaving carriageway,none hit an object,at least one vehicle with frontal impact,male and female,60.0,fatal
2019121900942,60,daylight,fine,dry,at least one biped,at or within 20 metres of junction,no skidding or overturning,none leaving carriageway,none hit an object,at least one vehicle with frontal impact,all males,72.0,serious
2019160840562,30,daylight,fine,dry,only cars,not at or within 20 metres of junction,no skidding or overturning,none leaving carriageway,none hit an object,other points of impact,all males,,slight
2019621901635,30,daylight,fine,wet or damp,only cars,at or within 20 metres of junction,no skidding or overturning,none leaving carriageway,none hit an object,at least one vehicle with frontal impact,all males,30.0,slight
2019450879368,60,daylight,fine,dry,only cars,at or within 20 metres of junction,at least one vehicle skidded or overturned,at least one vehicle leaving carriageway,at least one vehicle hit an object,at least one vehicle with frontal impact,all males,71.0,fatal
2019521906186,50,daylight,fine,dry,at least one biped,at or within 20 metres of junction,no skidding or overturning,at least one vehicle leaving carriageway,at least one vehicle hit an object,other points of impact,all males,30.0,serious
2019200821572,30,daylight,fine,dry,other,not at or within 20 metres of junction,no skidding or overturning,none leaving carriageway,none hit an object,at least one vehicle with frontal impact,male and female,59.0,slight
2019136731141,30,daylight,fine,dry,at least one biped,at or within 20 metres of junction,at least one vehicle skidded or overturned,none leaving carriageway,none hit an object,at least one vehicle with frontal impact,male and female,44.0,serious
2019070733605,20,darkness,fine,wet or damp,at least one biped,at or within 20 metres of junction,no skidding or overturning,none leaving carriageway,none hit an object,at least one vehicle with frontal impact,data missing or out of range,,serious
201931d119419,30,daylight,fine,dry,at least one biped,at or within 20 metres of junction,no skidding or overturning,none leaving carriageway,none hit an object,at least one vehicle with frontal impact,male and female,38.0,serious
2019010172348,30,daylight,fine,wet or damp,only cars,not at or within 20 metres of junction,no skidding or overturning,none leaving carriageway,none hit an object,at least one vehicle with frontal impact,male and female,53.0,slight
2019440303931,30,daylight,fine,dry,at least one biped,not at or within 20 metres of junction,no skidding or overturning,none leaving carriageway,at least one vehicle hit an object,at least one vehicle with frontal impact,all males,53.0,serious
2019100894548,30,daylight,fine,dry,only cars,at or within 20 metres of junction,no skidding or overturning,none leaving carriageway,none hit an object,at least one vehicle with frontal impact,male and female,41.0,slight
2019010160251,30,daylight,fine,dry,only cars,not at or within 20 metres of junction,no skidding or overturning,none leaving carriageway,none hit an object,at least one vehicle with frontal impact,all females,45.0,slight
201963d097019,60,daylight,other,wet or damp,only cars,not at or within 20 metres of junction,at least one vehicle skidded or overturned,at least one vehicle leaving carriageway,at least one vehicle hit an object,at least one vehicle with frontal impact,all males,19.0,fatal
201963b093219,30,daylight,other,wet or damp,only cars,at or within 20 metres of junction,no skidding or overturning,none leaving carriageway,none hit an object,other points of impact,all females,34.0,slight
2019410886016,70,daylight,fine,dry,at least one van,not at or within 20 metres of junction,at least one vehicle skidded or overturned,at least one vehicle leaving carriageway,at least one vehicle hit an object,at least one vehicle with frontal impact,all males,55.0,fatal
2019051911039,30,daylight,fine,dry,at least one van,not at or within 20 metres of junction,no skidding or overturning,none leaving carriageway,none hit an object,data missing or out of range,all males,38.0,slight
2019010199658,30,daylight,data missing or out of range,dry,only cars,at or within 20 metres of junction,no skidding or overturning,none leaving carriageway,none hit an object,at least one vehicle with frontal impact,all males,,slight
2019370901904,30,daylight,fine,wet or damp,at least one biped,not at or within 20 metres of junction,at least one vehicle skidded or overturned,none leaving carriageway,none hit an object,at least one vehicle with frontal impact,male and female,79.0,serious
2019200913585,30,daylight,other,wet or damp,at least one biped,not at or within 20 metres of junction,no skidding or overturning,none leaving carriageway,none hit an object,at least one vehicle with frontal impact,all males,,serious
2019430309159,30,daylight,fine,dry,at least one biped,at or within 20 metres of junction,no skidding or overturning,none leaving carriageway,none hit an object,at least one vehicle with frontal impact,male and female,57.0,serious
2019100900326,30,darkness,other,wet or damp,only cars,at or within 20 metres of junction,no skidding or overturning,none leaving carriageway,none hit an object,other points of impact,male and female,26.0,serious
2019210844512,30,daylight,fine,dry,only cars,at or within 20 metres of junction,no skidding or overturning,none leaving carriageway,none hit an object,at least one vehicle with frontal impact,all males,22.0,slight
2019450901106,30,darkness,other,wet or damp,only cars,not at or within 20 metres of junction,no skidding or overturning,at least one vehicle leaving carriageway,at least one vehicle hit an object,at least one vehicle with frontal impact,all males,31.0,serious
2019010166552,30,darkness,fine,wet or damp,at least one biped,at or within 20 metres of junction,no skidding or overturning,none leaving carriageway,none hit an object,at least one vehicle with frontal impact,all males,47.0,serious
2019160915860,30,daylight,fine,dry,at least one van,at or within 20 metres of junction,no skidding or overturning,none leaving carriageway,none hit an object,no impact,all males,55.0,slight
2019200833338,30,daylight,fine,dry,at least one van,not at or within 20 metres of junction,no skidding or overturning,none leaving carriageway,none hit an object,at least one vehicle with frontal impact,male and female,35.0,slight
2019170h11009,60,daylight,fine,dry,only cars,not at or within 20 metres of junction,no skidding or overturning,none leaving carriageway,none hit an object,at least one vehicle with frontal impact,all males,61.0,fatal
2019430090709,70,daylight,fine,dry,at least one van,not at or within 20 metres of junction,no skidding or overturning,none leaving carriageway,none hit an object,at least one vehicle with frontal impact,all males,51.0,fatal
2019450897043,30,darkness,fine,wet or damp,only cars,not at or within 20 metres of junction,no skidding or overturning,at least one vehicle leaving carriageway,at least one vehicle hit an object,at least one vehicle with frontal impact,all males,41.0,serious
2019320072355,30,daylight,fine,dry,at least one van,not at or within 20 metres of junction,no skidding or overturning,none leaving carriageway,none hit an object,other points of impact,all males,48.0,slight
2019100909332,50,darkness,other,wet or damp,at least one biped,at or within 20 metres of junction,no skidding or overturning,none leaving carriageway,none hit an object,other points of impact,all males,,serious
201t220835295,30,darkness,fine,dry,only cars,at or within 20 metres of junction,no skidding or overturning,none leaving carriageway,none hit an object,at least one vehicle with frontal impact,male and female,41.0,
2019301900037,30,daylight,data missing or out of range,other,at least one biped,at or within 20 metres of junction,no skidding or overturning,none leaving carriageway,none hit an object,at least one vehicle with frontal impact,male and female,54.0,serious
2019110829502,70,daylight,fine,dry,only cars,not at or within 20 metres of junction,no skidding or overturning,none leaving carriageway,none hit an object,at least one vehicle with frontal impact,all males,73.0,fatal
2019010158266,30,darkness,fine,dry,at least one biped,at or within 20 metres of junction,no skidding or overturning,none leaving carriageway,none hit an object,at least one vehicle with frontal impact,male and female,33.0,serious
2019430215018,70,daylight,fine,dry,at least one biped,not at or within 20 metres of junction,at least one vehicle skidded or overturned,at least one vehicle leaving carriageway,none hit an object,other points of impact,all males,26.0,fatal
2019200905617,30,darkness,other,wet or damp,only cars,at or within 20 metres of junction,no skidding or overturning,none leaving carriageway,none hit an object,at least one vehicle with frontal impact,all males,30.0,serious
2019010172699,20,daylight,fine,dry,at least one biped,not at or within 20 metres of junction,data missing or out of range,data missing or out of range,data missing or out of range,at least one vehicle with frontal impact,data missing or out of range,,serious
2019961900149,30,daylight,other,wet or damp,only cars,at or within 20 metres of junction,no skidding or overturning,none leaving carriageway,none hit an object,other points of impact,all females,26.0,serious
201906a166603,30,darkness,other,wet or damp,only cars,at or within 20 metres of junction,no skidding or overturning,none leaving carriageway,none hit an object,at least one vehicle with frontal impact,all males,25.0,fatal
2019170l10849,60,darkness,fine,wet or damp,only cars,not at or within 20 metres of junction,no skidding or overturning,at least one vehicle leaving carriageway,at least one vehicle hit an object,at least one vehicle with frontal impact,all females,36.0,fatal
2019200869949,30,daylight,fine,dry,only cars,not at or within 20 metres of junction,no skidding or overturning,none leaving carriageway,none hit an object,other points of impact,data missing or out of range,,slight
2019010180582,30,daylight,other,dry,biped and van,data missing or out of range,data missing or out of range,data missing or out of range,data missing or out of range,at least one vehicle with frontal impact,data missing or out of range,,slight
2019040879740,20,daylight,fine,dry,only cars,at or within 20 metres of junction,no skidding or overturning,none leaving carriageway,none hit an object,at least one vehicle with frontal impact,male and female,47.0,slight
201906n161833,30,darkness,fine,dry,other,not at or within 20 metres of junction,no skidding or overturning,none leaving carriageway,none hit an object,at least one vehicle with frontal impact,data missing or out of range,30.0,fatal
2019230823167,30,daylight,fine,dry,at least one biped,not at or within 20 metres of junction,no skidding or overturning,none leaving carriageway,none hit an object,at least one vehicle with frontal impact,male and female,45.0,serious
2019430031916,70,daylight,fine,dry,only cars,at or within 20 metres of junction,no skidding or overturning,none leaving carriageway,none hit an object,at least one vehicle with frontal impact,male and female,50.0,slight
2019010210884,30,darkness,other,wet or damp,biped and van,at or within 20 metres of junction,at least one vehicle skidded or overturned,none leaving carriageway,none hit an object,at least one vehicle with frontal impact,all males,50.0,serious
2019500902792,60,daylight,fine,dry,only cars,not at or within 20 metres of junction,no skidding or overturning,none leaving carriageway,none hit an object,at least one vehicle with frontal impact,all males,61.0,serious
2019121900885,30,daylight,fine,dry,biped and van,at or within 20 metres of junction,no skidding or overturning,none leaving carriageway,none hit an object,at least one vehicle with frontal impact,all males,48.0,fatal
201997la01906,30,daylight,fine,dry,at least one van,not at or within 20 metres of junction,no skidding or overturning,none leaving carriageway,none hit an object,at least one vehicle with frontal impact,all males,64.0,serious
2019471902503,20,daylight,fine,dry,at least one van,at or within 20 metres of junction,no skidding or overturning,none leaving carriageway,none hit an object,at least one vehicle with frontal impact,all males,35.0,slight
2019430191825,30,daylight,fine,dry,at least one biped,at or within 20 metres of junction,no skidding or overturning,none leaving carriageway,none hit an object,at least one vehicle with frontal impact,male and female,50.0,slight
2019010180031,30,daylight,fine,dry,at least one biped,not at or within 20 metres of junction,at least one vehicle skidded or overturned,at least one vehicle leaving carriageway,none hit an object,at least one vehicle with frontal impact,all males,51.0,slight
2019140842560,30,daylight,fine,dry,at least one biped,at or within 20 metres of junction,no skidding or overturning,none leaving carriageway,none hit an object,at least one vehicle with frontal impact,all males,22.0,serious
2019010170717,30,daylight,fine,dry,at least one biped,data missing or out of range,data missing or out of range,data missing or out of range,data missing or out of range,data missing or out of range,data missing or out of range,,slight
2019410849596,30,daylight,fine,dry,at least one van,at or within 20 metres of junction,no skidding or overturning,none leaving carriageway,none hit an object,other points of impact,all males,38.0,fatal
2019010200379,30,daylight,fine,dry,biped and van,at or within 20 metres of junction,no skidding or overturning,none leaving carriageway,none hit an object,data missing or out of range,data missing or out of range,,fatal
201963d112419,60,daylight,other,wet or damp,at least one biped,not at or within 20 metres of junction,at least one vehicle skidded or overturned,at least one vehicle leaving carriageway,at least one vehicle hit an object,at least one vehicle with frontal impact,all males,38.0,serious
2019440436488,60,darkness,fine,wet or damp,only cars,not at or within 20 metres of junction,at least one vehicle skidded or overturned,at least one vehicle leaving carriageway,at least one vehicle hit an object,at least one vehicle with frontal impact,all females,33.0,fatal
2019010188898,20,daylight,fine,dry,only cars,not at or within 20 metres of junction,no skidding or overturning,none leaving carriageway,none hit an object,other points of impact,male and female,28.0,slight
2019010159612,30,darkness,other,wet or damp,only cars,at or within 20 metres of junction,no skidding or overturning,at least one vehicle leaving carriageway,at least one vehicle hit an object,at least one vehicle with frontal impact,all males,21.0,serious
2019430289512,70,darkness,fine,dry,at least one van,not at or within 20 metres of junction,no skidding or overturning,at least one vehicle leaving carriageway,at least one vehicle hit an object,at least one vehicle with frontal impact,all males,38.0,fatal
2019200814590,30,daylight,fine,dry,at least one biped,at or within 20 metres of junction,no skidding or overturning,none leaving carriageway,none hit an object,at least one vehicle with frontal impact,all males,64.0,serious
2019040880030,30,daylight,fine,dry,at least one biped,not at or within 20 metres of junction,at least one vehicle skidded or overturned,none leaving carriageway,none hit an object,at least one vehicle with frontal impact,all males,47.0,serious
2019160808180,30,daylight,fine,wet or damp,at least one biped,not at or within 20 metres of junction,no skidding or overturning,none leaving carriageway,none hit an object,at least one vehicle with frontal impact,all males,57.0,serious
2019010206806,20,daylight,fine,dry,at least one biped,data missing or out of range,data missing or out of range,data missing or out of range,data missing or out of range,at least one vehicle with frontal impact,data missing or out of range,,serious
2019010170743,30,daylight,fine,dry,only cars,not at or within 20 metres of junction,no skidding or overturning,at least one vehicle leaving carriageway,at least one vehicle hit an object,at least one vehicle with frontal impact,data missing or out of range,,serious
2019100832649,50,daylight,fine,dry,at least one biped,not at or within 20 metres of junction,at least one vehicle skidded or overturned,none leaving carriageway,none hit an object,at least one vehicle with frontal impact,all males,45.0,slight
2019051910242,30,daylight,fine,dry,at least one biped,at or within 20 metres of junction,no skidding or overturning,none leaving carriageway,none hit an object,at least one vehicle with frontal impact,all males,77.0,serious
2019210850837,30,daylight,fine,wet or damp,only cars,at or within 20 metres of junction,data missing or out of range,none leaving carriageway,none hit an object,other points of impact,all males,76.0,slight
2019200867627,40,daylight,fine,dry,at least one van,not at or within 20 metres of junction,no skidding or overturning,at least one vehicle leaving carriageway,at least one vehicle hit an object,at least one vehicle with frontal impact,data missing or out of range,,serious
2019140808775,30,daylight,fine,dry,only cars,at or within 20 metres of junction,no skidding or overturning,none leaving carriageway,none hit an object,at least one vehicle with frontal impact,all females,,slight
2019051912744,30,daylight,fine,dry,only cars,at or within 20 metres of junction,no skidding or overturning,none leaving carriageway,none hit an object,at least one vehicle with frontal impact,data missing or out of range,,slight
2019220881222,30,daylight,fine,dry,only cars,at or within 20 metres of junction,no skidding or overturning,none leaving carriageway,none hit an object,at least one vehicle with frontal impact,all males,27.0,slight
2019136980685,30,daylight,fine,dry,at least one biped,at or within 20 metres of junction,no skidding or overturning,none leaving carriageway,none hit an object,no impact,all males,73.0,serious
2019400921714,60,daylight,fine,wet or damp,at least one biped,at or within 20 metres of junction,at least one vehicle skidded or overturned,at least one vehicle leaving carriageway,at least one vehicle hit an object,at least one vehicle with frontal impact,all males,59.0,serious
2019521906698,30,darkness,fine,wet or damp,only cars,not at or within 20 metres of junction,no skidding or overturning,none leaving carriageway,none hit an object,at least one vehicle with frontal impact,all males,43.0,serious
2019360896154,60,daylight,fine,dry,at least one van,not at or within 20 metres of junction,no skidding or overturning,at least one vehicle leaving carriageway,none hit an object,at least one vehicle with frontal impact,all males,61.0,serious
2019410880852,30,daylight,fine,dry,at least one van,not at or within 20 metres of junction,no skidding or overturning,none leaving carriageway,none hit an object,at least one vehicle with frontal impact,all males,27.0,slight
2019521907305,30,daylight,fine,dry,at least one biped,at or within 20 metres of junction,at least one vehicle skidded or overturned,none leaving carriageway,none hit an object,at least one vehicle with frontal impact,all males,40.0,serious
2019100842656,30,daylight,fine,dry,at least one biped,at or within 20 metres of junction,no skidding or overturning,none leaving carriageway,none hit an object,at least one vehicle with frontal impact,male and female,30.0,serious
2019440187971,60,daylight,fine,dry,at least one biped,not at or within 20 metres of junction,at least one vehicle skidded or overturned,at least one vehicle leaving carriageway,at least one vehicle hit an object,other points of impact,all males,67.0,serious
2019470871750,20,daylight,fine,dry,at least one van,at or within 20 metres of junction,at least one vehicle skidded or overturned,none leaving carriageway,none hit an object,no impact,all males,54.0,serious
2019440354200,30,daylight,fine,wet or damp,only cars,at or within 20 metres of junction,no skidding or overturning,none leaving carriageway,none hit an object,at least one vehicle with frontal impact,male and female,30.0,slight
2019621900453,30,daylight,fine,dry,only cars,at or within 20 metres of junction,no skidding or overturning,none leaving carriageway,none hit an object,at least one vehicle with frontal impact,all females,35.0,slight
2019170m10649,30,daylight,fine,dry,only cars,at or within 20 metres of junction,no skidding or overturning,none leaving carriageway,none hit an object,at least one vehicle with frontal impact,all males,32.0,slight
2019200858645,30,darkness,fine,wet or damp,only cars,at or within 20 metres of junction,no skidding or overturning,none leaving carriageway,none hit an object,at least one vehicle with frontal impact,data missing or out of range,,slight
2019100827794,30,daylight,fine,dry,only cars,at or within 20 metres of junction,no skidding or overturning,none leaving carriageway,none hit an object,at least one vehicle with frontal impact,all males,64.0,slight
2019950876727,20,daylight,fine,dry,at least one biped,not at or within 20 metres of junction,no skidding or overturning,none leaving carriageway,none hit an object,at least one vehicle with frontal impact,all males,50.0,serious
2019430039387,60,darkness,fine,dry,only cars,not at or within 20 metres of junction,at least one vehicle skidded or overturned,at least one vehicle leaving carriageway,none hit an object,other points of impact,male and female,42.0,serious
2019500853677,30,daylight,fine,dry,only cars,at or within 20 metres of junction,no skidding or overturning,none leaving carriageway,none hit an object,other points of impact,all males,71.0,slight
2019530886102,30,darkness,fine,wet or damp,only cars,not at or within 20 metres of junction,data missing or out of range,data missing or out of range,none hit an object,data missing or out of range,all females,,slight
2019440226614,30,daylight,fine,dry,at least one van,not at or within 20 metres of junction,no skidding or overturning,none leaving carriageway,none hit an object,at least one vehicle with frontal impact,all males,65.0,slight
2019121900523,30,daylight,fine,dry,at least one biped,not at or within 20 metres of junction,no skidding or overturning,none leaving carriageway,none hit an object,at least one vehicle with frontal impact,all males,32.0,serious
2019410816776,30,daylight,fine,dry,biped and van,not at or within 20 metres of junction,no skidding or overturning,none leaving carriageway,none hit an object,other points of impact,data missing or out of range,,fatal
2019910871068,60,daylight,fine,dry,only cars,not at or within 20 metres of junction,at least one vehicle skidded or overturned,at least one vehicle leaving carriageway,at least one vehicle hit an object,at least one vehicle with frontal impact,all males,83.0,serious
201931d196319,30,darkness,fine,dry,at least one van,not at or within 20 metres of junction,no skidding or overturning,none leaving carriageway,none hit an object,at least one vehicle with frontal impact,all males,42.0,fatal
2019140891828,40,darkness,other,wet or damp,only cars,not at or within 20 metres of junction,no skidding or overturning,none leaving carriageway,none hit an object,at least one vehicle with frontal impact,all females,25.0,slight
2019460836132,70,daylight,fine,dry,at least one van,not at or within 20 metres of junction,no skidding or overturning,none leaving carriageway,none hit an object,at least one vehicle with frontal impact,all males,40.0,fatal
2019930885753,70,daylight,fine,dry,only cars,not at or within 20 metres of junction,no skidding or overturning,at least one vehicle leaving carriageway,at least one vehicle hit an object,other points of impact,all males,65.0,fatal
20191361f1116,70,daylight,fine,dry,only cars,not at or within 20 metres of junction,no skidding or overturning,none leaving carriageway,at least one vehicle hit an object,at least one vehicle with frontal impact,all males,17.0,slight
2019320624813,60,darkness,fine,wet or damp,at least one biped,at or within 20 metres of junction,no skidding or overturning,none leaving carriageway,none hit an object,other points of impact,all males,20.0,slight
2019010218856,20,daylight,fine,dry,only cars,not at or within 20 metres of junction,data missing or out of range,data missing or out of range,data missing or out of range,at least one vehicle with frontal impact,data missing or out of range,,slight
2019970873996,60,daylight,other,wet or damp,only cars,not at or within 20 metres of junction,no skidding or overturning,at least one vehicle leaving carriageway,at least one vehicle hit an object,other points of impact,all males,80.0,fatal
2019500898174,60,daylight,other,dry,at least one biped,not at or within 20 metres of junction,no skidding or overturning,none leaving carriageway,none hit an object,at least one vehicle with frontal impact,all males,65.0,serious
2019010219363,20,darkness,fine,dry,at least one biped,data missing or out of range,data missing or out of range,data missing or out of range,data missing or out of range,at least one vehicle with frontal impact,data missing or out of range,,slight
2019100840406,20,daylight,fine,dry,at least one van,not at or within 20 metres of junction,no skidding or overturning,none leaving carriageway,none hit an object,other points of impact,all males,45.0,serious
2019350850112,60,darkness,fine,dry,only cars,not at or within 20 metres of junction,no skidding or overturning,at least one vehicle leaving carriageway,none hit an object,other points of impact,all females,64.0,fatal
2019230903315,30,daylight,other,wet or damp,biped and van,not at or within 20 metres of junction,at least one vehicle skidded or overturned,none leaving carriageway,none hit an object,at least one vehicle with frontal impact,all males,60.0,serious
2019136c51046,30,daylight,fine,dry,only cars,at or within 20 metres of junction,no skidding or overturning,none leaving carriageway,none hit an object,at least one vehicle with frontal impact,all males,39.0,slight
2019010203075,20,daylight,other,dry,at least one biped,data missing or out of range,data missing or out of range,data missing or out of range,data missing or out of range,other points of impact,data missing or out of range,,serious
2019545011119,70,daylight,fine,dry,only cars,not at or within 20 metres of junction,no skidding or overturning,at least one vehicle leaving carriageway,at least one vehicle hit an object,at least one vehicle with frontal impact,all females,54.0,fatal
2019010170199,30,daylight,fine,dry,only cars,at or within 20 metres of junction,no skidding or overturning,none leaving carriageway,none hit an object,other points of impact,all males,38.0,slight
201t63a100319,60,darkness,other,wet or damp,only cars,not at or within 20 metres of junction,no skidding or overturning,at least one vehicle leaving carriageway,at least one vehicle hit an object,at least one vehicle with frontal impact,all males,84.0,
2019040853016,60,daylight,fine,dry,at least one biped,at or within 20 metres of junction,no skidding or overturning,none leaving carriageway,none hit an object,at least one vehicle with frontal impact,all males,90.0,serious
2019010207298,30,darkness,other,wet or damp,only cars,at or within 20 metres of junction,at least one vehicle skidded or overturned,none leaving carriageway,none hit an object,at least one vehicle with frontal impact,male and female,40.0,serious
2019460871606,30,darkness,fine,dry,at least one biped,not at or within 20 metres of junction,no skidding or overturning,none leaving carriageway,none hit an object,at least one vehicle with frontal impact,all males,37.0,serious
2019522000545,20,daylight,fine,dry,at least one biped,at or within 20 metres of junction,no skidding or overturning,none leaving carriageway,none hit an object,at least one vehicle with frontal impact,male and female,54.0,serious
2019350811175,50,darkness,fine,other,only cars,at or within 20 metres of junction,at least one vehicle skidded or overturned,at least one vehicle leaving carriageway,at least one vehicle hit an object,at least one vehicle with frontal impact,all males,23.0,fatal
2019500925609,60,darkness,other,wet or damp,only cars,not at or within 20 metres of junction,at least one vehicle skidded or overturned,none leaving carriageway,none hit an object,at least one vehicle with frontal impact,all females,28.0,serious
201931a051319,30,daylight,fine,dry,only cars,not at or within 20 metres of junction,no skidding or overturning,at least one vehicle leaving carriageway,at least one vehicle hit an object,at least one vehicle with frontal impact,male and female,66.0,slight
2019200848837,20,daylight,other,wet or damp,only cars,not at or within 20 metres of junction,no skidding or overturning,none leaving carriageway,none hit an object,other points of impact,all males,,slight
2019110823348,30,daylight,fine,dry,only cars,not at or within 20 metres of junction,no skidding or overturning,none leaving carriageway,none hit an object,other points of impact,male and female,48.0,slight
2019340s00701,30,darkness,fine,wet or damp,only cars,at or within 20 metres of junction,no skidding or overturning,none leaving carriageway,none hit an object,other points of impact,all females,54.0,slight
2019010190663,50,darkness,fine,dry,only cars,not at or within 20 metres of junction,at least one vehicle skidded or overturned,at least one vehicle leaving carriageway,at least one vehicle hit an object,at least one vehicle with frontal impact,all males,25.0,fatal
2019440328275,30,daylight,fine,dry,only cars,at or within 20 metres of junction,no skidding or overturning,none leaving carriageway,none hit an object,at least one vehicle with frontal impact,male and female,51.0,slight
2019136b21241,30,daylight,other,wet or damp,only cars,not at or within 20 metres of junction,no skidding or overturning,none leaving carriageway,none hit an object,no impact,all males,41.0,slight
2019010171924,30,daylight,fine,dry,at least one biped,at or within 20 metres of junction,at least one vehicle skidded or overturned,none leaving carriageway,none hit an object,at least one vehicle with frontal impact,all males,56.0,serious
2019621901011,70,daylight,fine,dry,at least one van,not at or within 20 metres of junction,at least one vehicle skidded or overturned,at least one vehicle leaving carriageway,at least one vehicle hit an object,at least one vehicle with frontal impact,male and female,28.0,fatal
2019010191224,20,daylight,fine,wet or damp,at least one biped,data missing or out of range,data missing or out of range,data missing or out of range,data missing or out of range,at least one vehicle with frontal impact,data missing or out of range,,slight
2019301900571,50,daylight,fine,dry,at least one van,not at or within 20 metres of junction,no skidding or overturning,none leaving carriageway,none hit an object,other points of impact,all males,39.0,serious
2019010167679,30,darkness,fine,wet or damp,only cars,not at or within 20 metres of junction,no skidding or overturning,none leaving carriageway,none hit an object,at least one vehicle with frontal impact,all males,51.0,slight
2019301900880,30,daylight,other,wet or damp,only cars,at or within 20 metres of junction,no skidding or overturning,none leaving carriageway,none hit an object,at least one vehicle with frontal impact,male and female,48.0,slight
2019301900285,70,darkness,fine,dry,only cars,not at or within 20 metres of junction,at least one vehicle skidded or overturned,at least one vehicle leaving carriageway,at least one vehicle hit an object,other points of impact,all males,25.0,fatal
201991sne2528,60,daylight,fine,dry,only cars,not at or within 20 metres of junction,at least one vehicle skidded or overturned,none leaving carriageway,none hit an object,other points of impact,all males,49.0,fatal
2019440091148,70,daylight,fine,dry,only cars,not at or within 20 metres of junction,at least one vehicle skidded or overturned,none leaving carriageway,none hit an object,at least one vehicle with frontal impact,all males,55.0,fatal
2019400862545,60,daylight,fine,dry,only cars,not at or within 20 metres of junction,at least one vehicle skidded or overturned,at least one vehicle leaving carriageway,at least one vehicle hit an object,other points of impact,all females,20.0,fatal
2019040852771,30,daylight,fine,dry,only cars,at or within 20 metres of junction,no skidding or overturning,at least one vehicle leaving carriageway,at least one vehicle hit an object,at least one vehicle with frontal impact,data missing or out of range,,slight