accident_index,speed_limit,light_conditions,weather_conditions,road_surface_conditions,vehicle_type,junction_location,skidding_and_overturning,vehicle_leaving_carriageway,hit_object_off_carriageway,first_point_of_impact,sex_of_driver,age_of_oldest_driver,accident_severity
2019551900993,60,daylight,fine,dry,only cars,not at or within 20 metres of junction,at least one vehicle skidded or overturned,at least one vehicle leaving carriageway,at least one vehicle hit an object,other points of impact,all females,77.0,fatal
201960x106533,70,darkness,fine,dry,at least one van,at or within 20 metres of junction,no skidding or overturning,none leaving carriageway,none hit an object,other points of impact,all males,54.0,fatal
2019160842056,60,daylight,fine,dry,only cars,not at or within 20 metres of junction,no skidding or overturning,at least one vehicle leaving carriageway,none hit an object,at least one vehicle with frontal impact,male and female,54.0,fatal
2019440193437,60,daylight,fine,dry,only cars,at or within 20 metres of junction,no skidding or overturning,none leaving carriageway,none hit an object,at least one vehicle with frontal impact,data missing or out of range,,serious
201t622000021,30,darkness,other,wet or damp,only cars,at or within 20 metres of junction,no skidding or overturning,none leaving carriageway,none hit an object,at least one vehicle with frontal impact,all females,21.0,
2019010199381,30,daylight,fine,dry,biped and van,data missing or out of range,data missing or out of range,data missing or out of range,data missing or out of range,data missing or out of range,data missing or out of range,,fatal
2019010190106,30,daylight,fine,data missing or out of range,only cars,data missing or out of range,data missing or out of range,data missing or out of range,data missing or out of range,data missing or out of range,data missing or out of range,,slight
201t520906851,50,daylight,fine,dry,at least one van,not at or within 20 metres of junction,no skidding or overturning,none leaving carriageway,none hit an object,at least one vehicle with frontal impact,all males,50.0,
201906p266338,20,daylight,fine,dry,only cars,at or within 20 metres of junction,no skidding or overturning,none leaving carriageway,none hit an object,at least one vehicle with frontal impact,all males,36.0,slight
201931c104519,30,daylight,other,wet or damp,only cars,at or within 20 metres of junction,no skidding or overturning,none leaving carriageway,none hit an object,at least one vehicle with frontal impact,all males,49.0,slight
2019331900792,30,daylight,fine,dry,at least one biped,at or within 20 metres of junction,no skidding or overturning,none leaving carriageway,none hit an object,at least one vehicle with frontal impact,all males,64.0,serious
2019471901674,30,daylight,fine,dry,other,not at or within 20 metres of junction,no skidding or overturning,none leaving carriageway,none hit an object,other points of impact,all males,58.0,slight
2019420823131,40,daylight,fine,dry,at least one biped,not at or within 20 metres of junction,no skidding or overturning,none leaving carriageway,none hit an object,at least one vehicle with frontal impact,all males,15.0,serious
2019200869001,30,daylight,fine,dry,only cars,not at or within 20 metres of junction,no skidding or overturning,none leaving carriageway,none hit an object,no impact,data missing or out of range,,slight
201906j254850,20,daylight,fine,dry,only cars,at or within 20 metres of junction,no skidding or overturning,none leaving carriageway,none hit an object,other points of impact,all males,59.0,slight
2019220909946,30,darkness,fine,dry,at least one van,at or within 20 metres of junction,no skidding or overturning,at least one vehicle leaving carriageway,at least one vehicle hit an object,at least one vehicle with frontal impact,all males,51.0,fatal
2019010225972,20,darkness,other,wet or damp,only cars,at or within 20 metres of junction,no skidding or overturning,none leaving carriageway,none hit an object,at least one vehicle with frontal impact,data missing or out of range,,serious
2019160913875,30,darkness,fine,dry,only cars,at or within 20 metres of junction,no skidding or overturning,none leaving carriageway,none hit an object,at least one vehicle with frontal impact,all females,20.0,fatal
201931c027219,30,daylight,fine,dry,at least one van,at or within 20 metres of junction,no skidding or overturning,none leaving carriageway,none hit an object,no impact,all males,52.0,slight
2019610004219,60,darkness,other,other,only cars,at or within 20 metres of junction,at least one vehicle skidded or overturned,none leaving carriageway,none hit an object,no impact,all males,37.0,serious
2019040866092,30,daylight,fine,dry,only cars,at or within 20 metres of junction,at least one vehicle skidded or overturned,none leaving carriageway,none hit an object,at least one vehicle with frontal impact,all males,66.0,slight
2019200895434,30,daylight,fine,dry,at least one van,not at or within 20 metres of junction,no skidding or overturning,none leaving carriageway,none hit an object,other points of impact,all males,23.0,slight
2019200889154,30,daylight,fine,dry,only cars,not at or within 20 metres of junction,no skidding or overturning,none leaving carriageway,none hit an object,other points of impact,all males,,slight
2019420887034,70,daylight,other,wet or damp,at least one van,not at or within 20 metres of junction,at least one vehicle skidded or overturned,none leaving carriageway,none hit an object,at least one vehicle with frontal impact,data missing or out of range,,fatal
201931d132819,40,daylight,fine,dry,at least one biped,not at or within 20 metres of junction,no skidding or overturning,at least one vehicle leaving carriageway,none hit an object,at least one vehicle with frontal impact,all males,52.0,serious
201t521906800,40,daylight,fine,dry,only cars,not at or within 20 metres of junction,no skidding or overturning,none leaving carriageway,none hit an object,at least one vehicle with frontal impact,male and female,53.0,
2019136bm0624,30,daylight,fine,wet or damp,only cars,not at or within 20 metres of junction,no skidding or overturning,none leaving carriageway,none hit an object,at least one vehicle with frontal impact,all males,73.0,slight
2019010211090,30,darkness,fine,wet or damp,at least one biped,at or within 20 metres of junction,at least one vehicle skidded or overturned,none leaving carriageway,none hit an object,at least one vehicle with frontal impact,all males,53.0,serious
2019136ac0083,30,darkness,fine,dry,only cars,at or within 20 metres of junction,no skidding or overturning,none leaving carriageway,none hit an object,at least one vehicle with frontal impact,data missing or out of range,20.0,slight
2019200916310,30,darkness,other,wet or damp,only cars,at or within 20 metres of junction,no skidding or overturning,none leaving carriageway,none hit an object,at least one vehicle with frontal impact,all females,,slight
2019100846230,60,daylight,fine,dry,only cars,not at or within 20 metres of junction,at least one vehicle skidded or overturned,none leaving carriageway,none hit an object,at least one vehicle with frontal impact,male and female,51.0,fatal
2019420859493,70,daylight,fine,dry,only cars,not at or within 20 metres of junction,at least one vehicle skidded or overturned,at least one vehicle leaving carriageway,at least one vehicle hit an object,other points of impact,male and female,54.0,fatal
2019220819069,60,daylight,fine,dry,only cars,not at or within 20 metres of junction,at least one vehicle skidded or overturned,none leaving carriageway,none hit an object,other points of impact,all females,47.0,serious
2019340d06361,30,daylight,fine,dry,at least one biped,not at or within 20 metres of junction,no skidding or overturning,none leaving carriageway,none hit an object,at least one vehicle with frontal impact,all males,46.0,serious
2019610011819,30,daylight,fine,dry,only cars,not at or within 20 metres of junction,no skidding or overturning,none leaving carriageway,none hit an object,no impact,male and female,,slight
2019500887793,30,darkness,fine,wet or damp,at least one biped,not at or within 20 metres of junction,at least one vehicle skidded or overturned,at least one vehicle leaving carriageway,at least one vehicle hit an object,other points of impact,all males,19.0,serious
2019010169290,20,daylight,fine,dry,at least one biped,data missing or out of range,data missing or out of range,data missing or out of range,data missing or out of range,at least one vehicle with frontal impact,male and female,,serious
2019010214625,20,daylight,fine,dry,at least one biped,at or within 20 metres of junction,at least one vehicle skidded or overturned,at least one vehicle leaving carriageway,data missing or out of range,at least one vehicle with frontal impact,data missing or out of range,,slight
20191369k0350,30,daylight,fine,dry,biped and van,not at or within 20 metres of junction,no skidding or overturning,none leaving carriageway,none hit an object,at least one vehicle with frontal impact,data missing or out of range,,fatal
2019440153554,70,daylight,fine,dry,only cars,at or within 20 metres of junction,no skidding or overturning,none leaving carriageway,none hit an object,at least one vehicle with frontal impact,male and female,60.0,slight
2019140864856,30,darkness,fine,wet or damp,only cars,at or within 20 metres of junction,at least one vehicle skidded or overturned,at least one vehicle leaving carriageway,none hit an object,at least one vehicle with frontal impact,all males,42.0,fatal
201906k264362,30,darkness,fine,dry,only cars,not at or within 20 metres of junction,no skidding or overturning,none leaving carriageway,none hit an object,at least one vehicle with frontal impact,all females,41.0,slight
2019100834423,30,daylight,fine,dry,at least one biped,at or within 20 metres of junction,no skidding or overturning,none leaving carriageway,none hit an object,other points of impact,all males,,serious
2019100878932,20,daylight,fine,dry,at least one van,not at or within 20 metres of junction,no skidding or overturning,none leaving carriageway,none hit an object,other points of impact,all males,56.0,slight
2019470907604,20,daylight,data missing or out of range,dry,at least one biped,at or within 20 metres of junction,no skidding or overturning,none leaving carriageway,none hit an object,other points of impact,all males,29.0,serious
2019170m30599,20,daylight,fine,dry,at least one biped,not at or within 20 metres of junction,no skidding or overturning,none leaving carriageway,none hit an object,at least one vehicle with frontal impact,all males,60.0,serious
2019160806440,60,daylight,fine,wet or damp,at least one biped,not at or within 20 metres of junction,at least one vehicle skidded or overturned,at least one vehicle leaving carriageway,none hit an object,other points of impact,male and female,43.0,serious
2019460852341,30,daylight,fine,dry,at least one biped,not at or within 20 metres of junction,no skidding or overturning,none leaving carriageway,none hit an object,at least one vehicle with frontal impact,data missing or out of range,,slight
2019320636885,30,daylight,other,wet or damp,at least one biped,at or within 20 metres of junction,no skidding or overturning,none leaving carriageway,none hit an object,at least one vehicle with frontal impact,all males,45.0,serious
2019010223999,20,daylight,fine,dry,at least one biped,at or within 20 metres of junction,no skidding or overturning,none leaving carriageway,none hit an object,at least one vehicle with frontal impact,all males,34.0,serious
2019160919692,30,darkness,fine,dry,at least one van,not at or within 20 metres of junction,no skidding or overturning,none leaving carriageway,none hit an object,other points of impact,data missing or out of range,,fatal
2019110851368,70,daylight,fine,dry,only cars,not at or within 20 metres of junction,at least one vehicle skidded or overturned,at least one vehicle leaving carriageway,none hit an object,other points of impact,all males,44.0,fatal
2019010187734,30,daylight,fine,dry,only cars,at or within 20 metres of junction,no skidding or overturning,none leaving carriageway,none hit an object,at least one vehicle with frontal impact,data missing or out of range,,slight
2019010179687,20,daylight,fine,dry,at least one biped,at or within 20 metres of junction,at least one vehicle skidded or overturned,none leaving carriageway,none hit an object,at least one vehicle with frontal impact,data missing or out of range,,slight
2019010172153,30,darkness,fine,dry,only cars,at or within 20 metres of junction,no skidding or overturning,none leaving carriageway,none hit an object,at least one vehicle with frontal impact,data missing or out of range,,serious
2019010201781,30,daylight,fine,dry,at least one biped,at or within 20 metres of junction,no skidding or overturning,none leaving carriageway,none hit an object,at least one vehicle with frontal impact,male and female,45.0,serious
2019420844267,70,daylight,fine,dry,at least one biped,not at or within 20 metres of junction,no skidding or overturning,none leaving carriageway,none hit an object,other points of impact,all females,29.0,fatal
2019460822646,30,darkness,data missing or out of range,wet or damp,at least one biped,at or within 20 metres of junction,no skidding or overturning,none leaving carriageway,none hit an object,at least one vehicle with frontal impact,all males,42.0,serious
2019970907082,60,darkness,other,wet or damp,only cars,at or within 20 metres of junction,no skidding or overturning,at least one vehicle leaving carriageway,at least one vehicle hit an object,at least one vehicle with frontal impact,male and female,75.0,serious
2019910913439,60,darkness,fine,dry,only cars,at or within 20 metres of junction,at least one vehicle skidded or overturned,at least one vehicle leaving carriageway,none hit an object,at least one vehicle with frontal impact,male and female,44.0,fatal
2019420912225,30,darkness,fine,wet or damp,other,not at or within 20 metres of junction,no skidding or overturning,none leaving carriageway,none hit an object,at least one vehicle with frontal impact,all males,25.0,slight
2019200919318,30,darkness,data missing or out of range,dry,only cars,at or within 20 metres of junction,no skidding or overturning,none leaving carriageway,none hit an object,no impact,data missing or out of range,,slight
2019420812991,40,daylight,fine,dry,at least one biped,not at or within 20 metres of junction,no skidding or overturning,none leaving carriageway,none hit an object,at least one vehicle with frontal impact,all males,57.0,slight
2019160898820,30,daylight,other,wet or damp,at least one biped,at or within 20 metres of junction,no skidding or overturning,none leaving carriageway,none hit an object,at least one vehicle with frontal impact,male and female,34.0,serious
2019136bt1427,30,darkness,fine,wet or damp,at least one biped,not at or within 20 metres of junction,at least one vehicle skidded or overturned,none leaving carriageway,none hit an object,other points of impact,male and female,46.0,serious
2019301900572,30,daylight,fine,dry,only cars,at or within 20 metres of junction,no skidding or overturning,none leaving carriageway,none hit an object,at least one vehicle with frontal impact,male and female,68.0,slight
2019521907484,20,darkness,fine,dry,only cars,at or within 20 metres of junction,no skidding or overturning,none leaving carriageway,none hit an object,at least one vehicle with frontal impact,all females,30.0,fatal
2019100819294,20,darkness,fine,dry,at least one biped,not at or within 20 metres of junction,no skidding or overturning,none leaving carriageway,none hit an object,at least one vehicle with frontal impact,data missing or out of range,30.0,serious
2019961900199,30,daylight,fine,dry,at least one biped,at or within 20 metres of junction,no skidding or overturning,none leaving carriageway,none hit an object,at least one vehicle with frontal impact,male and female,60.0,serious
2019010199495,40,daylight,fine,dry,at least one biped,data missing or out of range,data missing or out of range,data missing or out of range,data missing or out of range,at least one vehicle with frontal impact,data missing or out of range,,serious
20191369c0098,70,darkness,fine,dry,at least one van,not at or within 20 metres of junction,at least one vehicle skidded or overturned,at least one vehicle leaving carriageway,at least one vehicle hit an object,other points of impact,all males,50.0,fatal
2019460847119,30,darkness,fine,dry,at least one biped,not at or within 20 metres of junction,at least one vehicle skidded or overturned,none leaving carriageway,none hit an object,at least one vehicle with frontal impact,all males,32.0,serious
2019420817816,30,daylight,fine,dry,at least one biped,at or within 20 metres of junction,no skidding or overturning,none leaving carriageway,none hit an object,at least one vehicle with frontal impact,all males,66.0,serious
2019220853472,40,daylight,fine,dry,at least one biped,at or within 20 metres of junction,no skidding or overturning,none leaving carriageway,none hit an object,at least one vehicle with frontal impact,all males,57.0,serious
2019010161521,30,daylight,fog or mist,wet or damp,only cars,not at or within 20 metres of junction,no skidding or overturning,none leaving carriageway,none hit an object,at least one vehicle with frontal impact,all males,64.0,slight
2019551901275,60,daylight,fine,dry,at least one biped,at or within 20 metres of junction,no skidding or overturning,none leaving carriageway,none hit an object,at least one vehicle with frontal impact,all males,72.0,serious
2019220898172,30,darkness,other,wet or damp,only cars,at or within 20 metres of junction,at least one vehicle skidded or overturned,at least one vehicle leaving carriageway,at least one vehicle hit an object,at least one vehicle with frontal impact,all males,57.0,serious
2019450809721,30,darkness,fine,other,only cars,not at or within 20 metres of junction,no skidding or overturning,at least one vehicle leaving carriageway,none hit an object,at least one vehicle with frontal impact,all females,30.0,serious
201t010220928,30,daylight,data missing or out of range,wet or damp,biped and van,at or within 20 metres of junction,no skidding or overturning,none leaving carriageway,none hit an object,other points of impact,male and female,54.0,
2019210882739,30,daylight,fine,dry,at least one biped,at or within 20 metres of junction,at least one vehicle skidded or overturned,none leaving carriageway,none hit an object,at least one vehicle with frontal impact,all males,30.0,slight
2019450891814,30,daylight,other,wet or damp,only cars,not at or within 20 metres of junction,no skidding or overturning,none leaving carriageway,none hit an object,at least one vehicle with frontal impact,data missing or out of range,,slight
2019541339719,30,darkness,fine,wet or damp,only cars,not at or within 20 metres of junction,no skidding or overturning,none leaving carriageway,none hit an object,at least one vehicle with frontal impact,all males,22.0,fatal
2019010182971,70,daylight,fine,dry,at least one van,at or within 20 metres of junction,no skidding or overturning,none leaving carriageway,none hit an object,at least one vehicle with frontal impact,all males,55.0,fatal
2019220889335,60,daylight,fine,wet or damp,only cars,not at or within 20 metres of junction,no skidding or overturning,none leaving carriageway,none hit an object,at least one vehicle with frontal impact,male and female,53.0,fatal
201906e267720,30,darkness,fine,wet or damp,only cars,not at or within 20 metres of junction,at least one vehicle skidded or overturned,at least one vehicle leaving carriageway,at least one vehicle hit an object,other points of impact,all males,30.0,fatal
2019200844442,30,daylight,fine,dry,other,not at or within 20 metres of junction,at least one vehicle skidded or overturned,at least one vehicle leaving carriageway,at least one vehicle hit an object,at least one vehicle with frontal impact,all males,69.0,fatal
2019051910533,30,darkness,fine,dry,only cars,not at or within 20 metres of junction,no skidding or overturning,none leaving carriageway,none hit an object,at least one vehicle with frontal impact,all males,48.0,slight
2019010214319,20,daylight,fine,dry,only cars,at or within 20 metres of junction,no skidding or overturning,none leaving carriageway,none hit an object,at least one vehicle with frontal impact,male and female,70.0,slight
2019440228113,30,daylight,fine,dry,only cars,at or within 20 metres of junction,no skidding or overturning,none leaving carriageway,none hit an object,at least one vehicle with frontal impact,data missing or out of range,,slight
2019160878500,20,darkness,other,wet or damp,biped and van,not at or within 20 metres of junction,no skidding or overturning,none leaving carriageway,none hit an object,other points of impact,data missing or out of range,,fatal
2019220876063,60,darkness,other,wet or damp,only cars,not at or within 20 metres of junction,at least one vehicle skidded or overturned,at least one vehicle leaving carriageway,at least one vehicle hit an object,at least one vehicle with frontal impact,all males,21.0,fatal
2019551901104,30,daylight,fine,dry,at least one biped,at or within 20 metres of junction,no skidding or overturning,none leaving carriageway,none hit an object,at least one vehicle with frontal impact,male and female,55.0,serious
2019230814748,60,darkness,fine,other,only cars,not at or within 20 metres of junction,at least one vehicle skidded or overturned,at least one vehicle leaving carriageway,at least one vehicle hit an object,other points of impact,all males,34.0,serious
2019160812417,20,darkness,data missing or out of range,other,at least one biped,at or within 20 metres of junction,no skidding or overturning,none leaving carriageway,none hit an object,no impact,all males,44.0,fatal
2019460857739,70,darkness,fine,dry,only cars,not at or within 20 metres of junction,no skidding or overturning,none leaving carriageway,none hit an object,at least one vehicle with frontal impact,all males,36.0,slight
201931a233319,30,daylight,fine,wet or damp,only cars,not at or within 20 metres of junction,no skidding or overturning,none leaving carriageway,none hit an object,at least one vehicle with frontal impact,all females,84.0,slight
2019460872424,40,darkness,fine,dry,only cars,not at or within 20 metres of junction,at least one vehicle skidded or overturned,at least one vehicle leaving carriageway,none hit an object,at least one vehicle with frontal impact,all males,41.0,fatal
201t040836221,50,daylight,fine,dry,at least one biped,at or within 20 metres of junction,at least one vehicle skidded or overturned,none leaving carriageway,none hit an object,at least one vehicle with frontal impact,male and female,27.0,
2019220856078,30,daylight,fine,dry,at least one biped,at or within 20 metres of junction,no skidding or overturning,none leaving carriageway,none hit an object,at least one vehicle with frontal impact,all males,56.0,serious
2019621900700,30,daylight,fine,dry,only cars,not at or within 20 metres of junction,no skidding or overturning,none leaving carriageway,none hit an object,other points of impact,all males,55.0,slight
2019500858116,30,daylight,fine,dry,only cars,at or within 20 metres of junction,no skidding or overturning,none leaving carriageway,none hit an object,at least one vehicle with frontal impact,all males,91.0,slight
2019471902421,30,daylight,fine,dry,at least one biped,at or within 20 metres of junction,no skidding or overturning,none leaving carriageway,none hit an object,at least one vehicle with frontal impact,male and female,66.0,fatal
2019136580222,30,daylight,other,wet or damp,only cars,at or within 20 metres of junction,no skidding or overturning,none leaving carriageway,none hit an object,at least one vehicle with frontal impact,male and female,54.0,serious
201t010223619,30,darkness,fine,dry,biped and van,data missing or out of range,data missing or out of range,data missing or out of range,data missing or out of range,data missing or out of range,data missing or out of range,,
2019420909587,60,darkness,data missing or out of range,dry,only cars,not at or within 20 metres of junction,no skidding or overturning,none leaving carriageway,none hit an object,at least one vehicle with frontal impact,all males,57.0,fatal
2019522001020,30,daylight,fine,wet or damp,only cars,not at or within 20 metres of junction,no skidding or overturning,none leaving carriageway,none hit an object,other points of impact,all males,48.0,slight
2019480924090,30,daylight,fine,wet or damp,at least one biped,at or within 20 metres of junction,no skidding or overturning,none leaving carriageway,none hit an object,at least one vehicle with frontal impact,all males,59.0,serious
2019010159406,20,darkness,fine,wet or damp,at least one biped,at or within 20 metres of junction,no skidding or overturning,none leaving carriageway,none hit an object,at least one vehicle with frontal impact,male and female,,serious
2019440322235,20,daylight,fine,dry,only cars,at or within 20 metres of junction,no skidding or overturning,none leaving carriageway,none hit an object,at least one vehicle with frontal impact,male and female,37.0,slight
2019040909516,30,darkness,other,wet or damp,only cars,at or within 20 metres of junction,no skidding or overturning,at least one vehicle leaving carriageway,none hit an object,at least one vehicle with frontal impact,all females,87.0,serious
2019200849582,30,daylight,fine,dry,at least one biped,at or within 20 metres of junction,no skidding or overturning,none leaving carriageway,none hit an object,at least one vehicle with frontal impact,male and female,27.0,serious
2019430366506,60,daylight,other,wet or damp,other,not at or within 20 metres of junction,no skidding or overturning,none leaving carriageway,none hit an object,other points of impact,all males,74.0,fatal
2019010159395,30,darkness,fine,wet or damp,biped and van,data missing or out of range,data missing or out of range,data missing or out of range,data missing or out of range,at least one vehicle with frontal impact,all males,,fatal
201931d230119,30,darkness,fine,wet or damp,at least one biped,not at or within 20 metres of junction,no skidding or overturning,none leaving carriageway,none hit an object,other points of impact,all males,63.0,serious
2019970902607,30,darkness,other,wet or damp,only cars,at or within 20 metres of junction,no skidding or overturning,none leaving carriageway,none hit an object,at least one vehicle with frontal impact,all males,47.0,fatal
2019200898648,30,daylight,data missing or out of range,dry,only cars,not at or within 20 metres of junction,no skidding or overturning,none leaving carriageway,none hit an object,at least one vehicle with frontal impact,male and female,,slight
2019051912784,30,darkness,fine,dry,at least one biped,at or within 20 metres of junction,no skidding or overturning,none leaving carriageway,none hit an object,at least one vehicle with frontal impact,data missing or out of range,,serious
2019440442808,40,darkness,fine,dry,at least one biped,not at or within 20 metres of junction,no skidding or overturning,none leaving carriageway,none hit an object,no impact,all males,70.0,fatal
2019121901406,30,darkness,fine,dry,only cars,at or within 20 metres of junction,no skidding or overturning,none leaving carriageway,none hit an object,at least one vehicle with frontal impact,all males,30.0,serious
2019010194784,30,daylight,fine,wet or damp,at least one biped,at or within 20 metres of junction,no skidding or overturning,at least one vehicle leaving carriageway,at least one vehicle hit an object,at least one vehicle with frontal impact,male and female,79.0,serious
201t97ud00906,60,darkness,other,wet or damp,only cars,at or within 20 metres of junction,no skidding or overturning,none leaving carriageway,at least one vehicle hit an object,at least one vehicle with frontal impact,all males,18.0,
2019140887073,20,daylight,fine,dry,only cars,at or within 20 metres of junction,no skidding or overturning,at least one vehicle leaving carriageway,at least one vehicle hit an object,at least one vehicle with frontal impact,all females,42.0,serious
2019040826744,70,darkness,other,wet or damp,at least one van,not at or within 20 metres of junction,no skidding or overturning,none leaving carriageway,none hit an object,at least one vehicle with frontal impact,all males,47.0,fatal
201906e264422,40,darkness,fine,dry,only cars,at or within 20 metres of junction,no skidding or overturning,none leaving carriageway,none hit an object,at least one vehicle with frontal impact,male and female,40.0,fatal
2019546799719,60,daylight,fine,dry,at least one biped,not at or within 20 metres of junction,no skidding or overturning,none leaving carriageway,none hit an object,at least one vehicle with frontal impact,all males,59.0,serious
2019160866480,40,daylight,fine,dry,at least one biped,at or within 20 metres of junction,no skidding or overturning,none leaving carriageway,none hit an object,at least one vehicle with frontal impact,all males,26.0,serious
2019010176096,30,daylight,fine,dry,at least one biped,at or within 20 metres of junction,no skidding or overturning,none leaving carriageway,none hit an object,at least one vehicle with frontal impact,all males,32.0,slight
2019521906145,50,darkness,fine,dry,at least one biped,not at or within 20 metres of junction,at least one vehicle skidded or overturned,none leaving carriageway,none hit an object,at least one vehicle with frontal impact,all males,49.0,serious
201931b008619,70,darkness,fine,dry,at least one van,not at or within 20 metres of junction,no skidding or overturning,at least one vehicle leaving carriageway,at least one vehicle hit an object,at least one vehicle with frontal impact,male and female,48.0,fatal
2019430075822,70,daylight,fine,dry,only cars,at or within 20 metres of junction,no skidding or overturning,none leaving carriageway,none hit an object,other points of impact,data missing or out of range,,fatal
20191361n1454,20,darkness,fine,wet or damp,at least one biped,at or within 20 metres of junction,no skidding or overturning,none leaving carriageway,none hit an object,at least one vehicle with frontal impact,all males,46.0,serious
2019950870394,60,daylight,other,wet or damp,only cars,not at or within 20 metres of junction,no skidding or overturning,none leaving carriageway,none hit an object,at least one vehicle with frontal impact,all males,48.0,fatal
2019220849639,60,daylight,fine,dry,at least one biped,not at or within 20 metres of junction,no skidding or overturning,at least one vehicle leaving carriageway,at least one vehicle hit an object,at least one vehicle with frontal impact,all males,33.0,serious
2019940857254,40,daylight,fine,dry,only cars,not at or within 20 metres of junction,at least one vehicle skidded or overturned,at least one vehicle leaving carriageway,none hit an object,at least one vehicle with frontal impact,all males,20.0,slight
2019136b61581,30,darkness,other,wet or damp,at least one biped,at or within 20 metres of junction,no skidding or overturning,none leaving carriageway,none hit an object,at least one vehicle with frontal impact,all males,64.0,serious
2019450914608,30,darkness,fine,dry,only cars,at or within 20 metres of junction,no skidding or overturning,none leaving carriageway,none hit an object,at least one vehicle with frontal impact,data missing or out of range,57.0,fatal
2019470847408,40,daylight,other,wet or damp,only cars,at or within 20 metres of junction,at least one vehicle skidded or overturned,at least one vehicle leaving carriageway,at least one vehicle hit an object,at least one vehicle with frontal impact,all females,51.0,slight
2019010213083,30,daylight,other,wet or damp,biped and van,at or within 20 metres of junction,at least one vehicle skidded or overturned,none leaving carriageway,none hit an object,at least one vehicle with frontal impact,data missing or out of range,,fatal
2019010193825,30,daylight,fine,dry,only cars,at or within 20 metres of junction,data missing or out of range,data missing or out of range,data missing or out of range,other points of impact,all males,36.0,slight
2019200826518,30,daylight,fine,dry,only cars,at or within 20 metres of junction,no skidding or overturning,none leaving carriageway,none hit an object,at least one vehicle with frontal impact,male and female,39.0,slight
2019370889928,60,daylight,other,wet or damp,only cars,at or within 20 metres of junction,at least one vehicle skidded or overturned,none leaving carriageway,none hit an object,at least one vehicle with frontal impact,all males,64.0,serious
2019140868256,30,daylight,other,wet or damp,only cars,not at or within 20 metres of junction,at least one vehicle skidded or overturned,at least one vehicle leaving carriageway,none hit an object,at least one vehicle with frontal impact,male and female,49.0,serious
201906a159504,30,daylight,fine,dry,only cars,at or within 20 metres of junction,no skidding or overturning,none leaving carriageway,none hit an object,at least one vehicle with frontal impact,male and female,42.0,slight
2019340s07401,60,daylight,fine,dry,other,not at or within 20 metres of junction,no skidding or overturning,none leaving carriageway,none hit an object,at least one vehicle with frontal impact,all males,55.0,fatal
201931c124819,30,daylight,fine,dry,at least one biped,at or within 20 metres of junction,no skidding or overturning,at least one vehicle leaving carriageway,none hit an object,at least one vehicle with frontal impact,all males,51.0,serious
2019010187828,30,daylight,fine,dry,at least one van,at or within 20 metres of junction,no skidding or overturning,none leaving carriageway,none hit an object,at least one vehicle with frontal impact,data missing or out of range,,slight
2019621900319,30,daylight,fine,dry,only cars,at or within 20 metres of junction,no skidding or overturning,at least one vehicle leaving carriageway,at least one vehicle hit an object,at least one vehicle with frontal impact,male and female,71.0,slight
2019210869481,30,daylight,fine,dry,at least one van,at or within 20 metres of junction,no skidding or overturning,none leaving carriageway,none hit an object,at least one vehicle with frontal impact,all males,58.0,slight
2019010192848,30,daylight,data missing or out of range,data missing or out of range,only cars,not at or within 20 metres of junction,data missing or out of range,data missing or out of range,data missing or out of range,data missing or out of range,data missing or out of range,,slight
2019210866034,30,daylight,fine,dry,only cars,at or within 20 metres of junction,no skidding or overturning,none leaving carriageway,none hit an object,at least one vehicle with frontal impact,male and female,49.0,slight
2019051912283,40,daylight,data missing or out of range,data missing or out of range,only cars,not at or within 20 metres of junction,no skidding or overturning,none leaving carriageway,none hit an object,at least one vehicle with frontal impact,male and female,58.0,slight
2019010170766,30,daylight,fine,dry,only cars,not at or within 20 metres of junction,no skidding or overturning,none leaving carriageway,none hit an object,at least one vehicle with frontal impact,all males,27.0,fatal
2019010171460,20,daylight,fine,dry,at least one van,not at or within 20 metres of junction,data missing or out of range,data missing or out of range,data missing or out of range,at least one vehicle with frontal impact,data missing or out of range,,slight
2019521904143,20,daylight,data missing or out of range,dry,only cars,at or within 20 metres of junction,no skidding or overturning,none leaving carriageway,none hit an object,at least one vehicle with frontal impact,all males,64.0,slight
2019360832696,30,darkness,fine,dry,only cars,not at or within 20 metres of junction,at least one vehicle skidded or overturned,at least one vehicle leaving carriageway,at least one vehicle hit an object,at least one vehicle with frontal impact,all males,30.0,slight
2019440194750,30,daylight,fine,dry,at least one biped,not at or within 20 metres of junction,no skidding or overturning,none leaving carriageway,none hit an object,at least one vehicle with frontal impact,all females,63.0,serious
2019430067845,70,darkness,fine,dry,at least one van,not at or within 20 metres of junction,at least one vehicle skidded or overturned,at least one vehicle leaving carriageway,none hit an object,at least one vehicle with frontal impact,all males,30.0,serious
2019010217238,30,darkness,fine,wet or damp,at least one van,at or within 20 metres of junction,no skidding or overturning,none leaving carriageway,none hit an object,at least one vehicle with frontal impact,data missing or out of range,,fatal
2019410887813,30,daylight,fine,dry,at least one biped,at or within 20 metres of junction,no skidding or overturning,none leaving carriageway,none hit an object,at least one vehicle with frontal impact,male and female,29.0,serious
201963a047119,60,daylight,fine,dry,at least one van,not at or within 20 metres of junction,no skidding or overturning,none leaving carriageway,none hit an object,other points of impact,all males,22.0,fatal
201906q257156,30,daylight,fine,dry,only cars,at or within 20 metres of junction,no skidding or overturning,none leaving carriageway,none hit an object,no impact,all males,30.0,slight
201931b110519,60,daylight,fine,dry,at least one van,not at or within 20 metres of junction,no skidding or overturning,none leaving carriageway,none hit an object,at least one vehicle with frontal impact,all males,55.0,fatal